supplier,brand,lens,code,category,index,material,form,type,blank_mm,sph_min,sph_max,cyl_max,combined_max,range_basis,add_min,add_max,add_range,price,price_promo,price_basis,coating,min_fh_mm,notes
Synchrony,ZEISS Synchrony,FSV Clear (tintable) 1.50,,Single vision,1.50,Clear,Spherical,stock,65,+0.00,+6.00,-2.00,0.00,combined,,,,3.98,2.66,L25,HC hard coat,,synchrony book p3; book $4.25 L20
Synchrony,ZEISS Synchrony,FSV Clear (tintable) 1.50,,Single vision,1.50,Clear,Spherical,stock,70,-6.00,+4.00,-2.00,6.00,combined,,,,3.98,2.66,L25,HC hard coat,,synchrony book p3; book $4.25 L20
Synchrony,ZEISS Synchrony,FSV Clear (tintable) 1.50,,Single vision,1.50,Clear,Spherical,stock,75,-4.00,+4.00,-2.00,4.00,combined,,,,7.55,5.03,L25,HC hard coat,,synchrony book p3; book $8.05 L20
Synchrony,ZEISS Synchrony,FSV Clear 1.50,,Single vision,1.50,Clear,Spherical,stock,65,+0.00,+6.00,-2.00,0.00,combined,,,,7.08,4.72,L25,HMC+,,synchrony book p3; book $7.55 L20
Synchrony,ZEISS Synchrony,FSV Clear 1.50,SMC70.,Single vision,1.50,Clear,Spherical,stock,70,-6.00,+6.00,-2.00,6.00,combined,,,,6.80,,deal,HMC+,,synchrony book p3; deal price fixed for the term (book $7.55 L20)
Synchrony,ZEISS Synchrony,FSV Photo Grey 1.50,,Single vision,1.50,Photochromic,Spherical,stock,65,+0.25,+4.00,-2.00,,combined,,,,21.28,14.19,L25,DSHC hard coat,,synchrony book p3; book $22.70 L20
Synchrony,ZEISS Synchrony,FSV Photo Grey 1.50,,Single vision,1.50,Photochromic,Spherical,stock,70,-6.00,+0.00,-2.00,6.00,combined,,,,21.28,14.19,L25,DSHC hard coat,,synchrony book p3; book $22.70 L20
Synchrony,ZEISS Synchrony,FSV Photo Grey 1.50,,Single vision,1.50,Photochromic,Spherical,stock,65,+0.00,+4.00,-2.00,,combined,,,,23.62,15.75,L25,HMC+,,synchrony book p3; book $25.20 L20
Synchrony,ZEISS Synchrony,FSV Photo Grey 1.50,,Single vision,1.50,Photochromic,Spherical,stock,70,-6.00,+0.00,-2.00,6.00,combined,,,,23.62,15.75,L25,HMC+,,synchrony book p3; book $25.20 L20
Synchrony,ZEISS Synchrony,FSV Trivex 1.53,,Single vision,1.53,Clear,Spherical,stock,65,+0.25,+4.00,-2.00,,combined,,,,14.16,9.44,L25,DSHC hard coat,,synchrony book p3; book $15.10 L20
Synchrony,ZEISS Synchrony,FSV Trivex 1.53,,Single vision,1.53,Clear,Spherical,stock,70,-4.00,+0.00,-2.00,,combined,,,,14.16,9.44,L25,DSHC hard coat,,synchrony book p3; book $15.10 L20
Synchrony,ZEISS Synchrony,FSV Trivex 1.53,,Single vision,1.53,Clear,Spherical,stock,65,+0.25,+4.00,-2.00,,combined,,,,20.77,13.84,L25,HMC,,synchrony book p3; book $22.15 L20
Synchrony,ZEISS Synchrony,FSV Trivex 1.53,,Single vision,1.53,Clear,Spherical,stock,70,-4.00,+0.00,-2.00,,combined,,,,20.77,13.84,L25,HMC,,synchrony book p3; book $22.15 L20
Synchrony,ZEISS Synchrony,FSV Clear 1.56,SA56HM,Single vision,1.56,Clear,Aspheric,stock,65,+0.25,+6.00,-2.00,,combined,,,,4.55,,deal,HMC+,,synchrony book p3; deal price fixed for the term (book $5.05 L20)
Synchrony,ZEISS Synchrony,FSV Clear 1.56,SA56HM,Single vision,1.56,Clear,Aspheric,stock,73,-6.00,+0.00,-2.00,6.00,combined,,,,4.55,,deal,HMC+,,synchrony book p3; deal price fixed for the term (book $5.05 L20)
Synchrony,ZEISS Synchrony,FSV Clear 1.60,SA60HM,Single vision,1.60,Clear,Aspheric,stock,65,+0.25,+6.00,-2.00,,combined,,,,19.90,,deal,HMC+,,synchrony book p3; deal price fixed for the term (book $22.15 L20)
Synchrony,ZEISS Synchrony,FSV Clear 1.60,SA60HM,Single vision,1.60,Clear,Aspheric,stock,70,-8.00,+0.00,-3.00,8.00,combined,,,,19.90,,deal,HMC+,,synchrony book p3; deal price fixed for the term (book $22.15 L20)
Synchrony,ZEISS Synchrony,FSV Clear 1.60,SA60HM,Single vision,1.60,Clear,Aspheric,stock,75,-8.00,+0.00,-3.00,8.00,combined,,,,19.90,,deal,HMC+,,synchrony book p3; deal price fixed for the term (book $22.15 L20)
Synchrony,ZEISS Synchrony,FSV Clear 1.67,,Single vision,1.67,Clear,Aspheric,stock,65,+2.25,+6.00,-2.00,,combined,,,,32.16,21.44,L25,HMC+,,synchrony book p3; book $34.30 L20
Synchrony,ZEISS Synchrony,FSV Clear 1.67,,Single vision,1.67,Clear,Aspheric,stock,70,+0.25,+2.00,-2.00,,combined,,,,32.16,21.44,L25,HMC+,,synchrony book p3; book $34.30 L20
Synchrony,ZEISS Synchrony,FSV Clear 1.67,,Single vision,1.67,Clear,Aspheric,stock,70,-10.00,-6.25,-2.00,10.00,combined,,,,32.16,21.44,L25,HMC+,,synchrony book p3; book $34.30 L20
Synchrony,ZEISS Synchrony,FSV Clear 1.67,,Single vision,1.67,Clear,Aspheric,stock,75,+0.00,+6.00,-2.00,,combined,,,,32.16,21.44,L25,HMC+,,synchrony book p3; book $34.30 L20
Synchrony,ZEISS Synchrony,Single Vision Grind 1.50,,Single vision,1.50,Clear,Freeform,grind,,-10.75,+10.50,-5.00,10.75,sphere,,,,40.97,27.31,L25,HMC+,,synchrony book p4; Clear; book $43.70 L20
Synchrony,ZEISS Synchrony,Single Vision Grind 1.50,,Single vision,1.50,Clear,Freeform,grind,,-10.75,+10.50,-5.00,10.75,sphere,,,,43.83,29.22,L25,HMC Blue,,synchrony book p4; Clear; book $46.75 L20
Synchrony,ZEISS Synchrony,Single Vision Grind 1.50,,Single vision,1.50,Clear,Freeform,grind,,-10.75,+10.50,-5.00,10.75,sphere,,,,22.03,14.69,L25,HC hard coat,,synchrony book p4; Clear; book $23.50 L20
Synchrony,ZEISS Synchrony,Single Vision Grind 1.50,,Single vision,1.50,Photochromic,Freeform,grind,,-10.00,+7.00,-5.50,10.00,sphere,,,,66.19,44.12,L25,HMC+,,synchrony book p4; Photo Grey/Brown/Pioneer/Extra Grey/Blue/Burgundy/Black; book $70.60 L20
Synchrony,ZEISS Synchrony,Single Vision Grind 1.50,,Single vision,1.50,Photochromic,Freeform,grind,,-10.00,+7.00,-5.50,10.00,sphere,,,,69.05,46.03,L25,HMC Blue,,synchrony book p4; Photo Grey/Brown/Pioneer/Extra Grey/Blue/Burgundy/Black; book $73.65 L20
Synchrony,ZEISS Synchrony,Single Vision Grind 1.50,,Single vision,1.50,Photochromic,Freeform,grind,,-10.00,+7.00,-5.50,10.00,sphere,,,,47.25,31.50,L25,HC hard coat,,synchrony book p4; Photo Grey/Brown/Pioneer/Extra Grey/Blue/Burgundy/Black; book $50.40 L20
Synchrony,ZEISS Synchrony,Single Vision Grind 1.50,,Single vision,1.50,Polarised,Freeform,grind,,-7.00,+6.00,-6.00,7.00,sphere,,,,66.19,44.12,L25,HMC+,,synchrony book p4; Polarised Grey/ Brown/ Pioneer; book $70.60 L20
Synchrony,ZEISS Synchrony,Single Vision Grind 1.50,,Single vision,1.50,Polarised,Freeform,grind,,-7.00,+6.00,-6.00,7.00,sphere,,,,65.16,43.44,L25,HMC+ Back Surface Multi-Coat,,synchrony book p4; Polarised Grey/ Brown/ Pioneer; book $69.50 L20
Synchrony,ZEISS Synchrony,Single Vision Grind 1.50,,Single vision,1.50,Polarised,Freeform,grind,,-7.00,+6.00,-6.00,7.00,sphere,,,,47.25,31.50,L25,HC hard coat,,synchrony book p4; Polarised Grey/ Brown/ Pioneer; book $50.40 L20
Synchrony,ZEISS Synchrony,Single Vision Grind 1.53,,Single vision,1.53,Clear,Freeform,grind,,-7.00,+7.00,-4.00,7.00,sphere,,,,56.72,37.81,L25,HMC+,,synchrony book p4; Clear; book $60.50 L20
Synchrony,ZEISS Synchrony,Single Vision Grind 1.53,,Single vision,1.53,Clear,Freeform,grind,,-7.00,+7.00,-4.00,7.00,sphere,,,,59.58,39.72,L25,HMC Blue,,synchrony book p4; Clear; book $63.55 L20
Synchrony,ZEISS Synchrony,Single Vision Grind 1.53,,Single vision,1.53,Clear,Freeform,grind,,-7.00,+7.00,-4.00,7.00,sphere,,,,37.78,25.19,L25,HC hard coat,,synchrony book p4; Clear; book $40.30 L20
Synchrony,ZEISS Synchrony,Single Vision Grind 1.53,,Single vision,1.53,Polarised,Freeform,grind,,-4.00,+7.00,-4.00,4.00,sphere,,,,85.12,56.75,L25,HMC+,,synchrony book p4; Polarised Grey/ Brown; book $90.80 L20
Synchrony,ZEISS Synchrony,Single Vision Grind 1.53,,Single vision,1.53,Polarised,Freeform,grind,,-4.00,+7.00,-4.00,4.00,sphere,,,,84.09,56.06,L25,HMC+ Back Surface Multi-Coat,,synchrony book p4; Polarised Grey/ Brown; book $89.70 L20
Synchrony,ZEISS Synchrony,Single Vision Grind 1.53,,Single vision,1.53,Polarised,Freeform,grind,,-4.00,+7.00,-4.00,4.00,sphere,,,,66.19,44.12,L25,HC hard coat,,synchrony book p4; Polarised Grey/ Brown; book $70.60 L20
Synchrony,ZEISS Synchrony,Single Vision Grind 1.59,,Single vision,1.59,Clear,Freeform,grind,,-10.00,+6.00,-6.00,10.00,sphere,,,,56.72,37.81,L25,HMC+,,synchrony book p4; Clear; book $60.50 L20
Synchrony,ZEISS Synchrony,Single Vision Grind 1.59,,Single vision,1.59,Clear,Freeform,grind,,-10.00,+6.00,-6.00,10.00,sphere,,,,37.78,25.19,L25,HC hard coat,,synchrony book p4; Clear; book $40.30 L20
Synchrony,ZEISS Synchrony,Single Vision Grind 1.59,,Single vision,1.59,Photochromic,Freeform,grind,,-10.00,+6.00,-6.00,10.00,sphere,,,,85.12,56.75,L25,HMC+,,synchrony book p4; Photo Grey/Brown/Pioneer/Extra Grey/Blue/Burgundy/Black; book $90.80 L20
Synchrony,ZEISS Synchrony,Single Vision Grind 1.59,,Single vision,1.59,Photochromic,Freeform,grind,,-10.00,+6.00,-6.00,10.00,sphere,,,,87.98,58.66,L25,HMC Blue,,synchrony book p4; Photo Grey/Brown/Pioneer/Extra Grey/Blue/Burgundy/Black; book $93.85 L20
Synchrony,ZEISS Synchrony,Single Vision Grind 1.59,,Single vision,1.59,Photochromic,Freeform,grind,,-10.00,+6.00,-6.00,10.00,sphere,,,,66.19,44.12,L25,HC hard coat,,synchrony book p4; Photo Grey/Brown/Pioneer/Extra Grey/Blue/Burgundy/Black; book $70.60 L20
Synchrony,ZEISS Synchrony,Single Vision Grind 1.59,,Single vision,1.59,Polarised,Freeform,grind,,-10.00,+8.00,-6.00,10.00,sphere,,,,85.12,56.75,L25,HMC+,,synchrony book p4; Polarised Grey/ Brown/ Pioneer; book $90.80 L20
Synchrony,ZEISS Synchrony,Single Vision Grind 1.59,,Single vision,1.59,Polarised,Freeform,grind,,-10.00,+8.00,-6.00,10.00,sphere,,,,84.09,56.06,L25,HMC+ Back Surface Multi-Coat,,synchrony book p4; Polarised Grey/ Brown/ Pioneer; book $89.70 L20
Synchrony,ZEISS Synchrony,Single Vision Grind 1.59,,Single vision,1.59,Polarised,Freeform,grind,,-10.00,+8.00,-6.00,10.00,sphere,,,,66.19,44.12,L25,HC hard coat,,synchrony book p4; Polarised Grey/ Brown/ Pioneer; book $70.60 L20
Synchrony,ZEISS Synchrony,Single Vision Grind 1.60,,Single vision,1.60,Clear,Freeform,grind,,-12.00,+7.00,-6.00,12.00,sphere,,,,61.55,41.03,L25,HMC+,,synchrony book p4; Clear; book $65.65 L20
Synchrony,ZEISS Synchrony,Single Vision Grind 1.60,,Single vision,1.60,Clear,Freeform,grind,,-12.00,+7.00,-6.00,12.00,sphere,,,,64.41,42.94,L25,HMC Blue,,synchrony book p4; Clear; book $68.70 L20
Synchrony,ZEISS Synchrony,Single Vision Grind 1.60,,Single vision,1.60,Clear,Freeform,grind,,-12.00,+7.00,-6.00,12.00,sphere,,,,42.61,28.41,L25,HC hard coat,,synchrony book p4; Clear; book $45.45 L20
Synchrony,ZEISS Synchrony,Single Vision Grind 1.60,,Single vision,1.60,Photochromic,Freeform,grind,,-12.00,+8.00,-6.00,12.00,sphere,,,,89.91,59.94,L25,HMC+,,synchrony book p4; Photo Grey/Brown/Pioneer/Extra Grey/Blue/Burgundy/Black; book $95.90 L20
Synchrony,ZEISS Synchrony,Single Vision Grind 1.60,,Single vision,1.60,Photochromic,Freeform,grind,,-12.00,+8.00,-6.00,12.00,sphere,,,,92.77,61.84,L25,HMC Blue,,synchrony book p4; Photo Grey/Brown/Pioneer/Extra Grey/Blue/Burgundy/Black; book $98.95 L20
Synchrony,ZEISS Synchrony,Single Vision Grind 1.60,,Single vision,1.60,Photochromic,Freeform,grind,,-12.00,+8.00,-6.00,12.00,sphere,,,,70.97,47.31,L25,HC hard coat,,synchrony book p4; Photo Grey/Brown/Pioneer/Extra Grey/Blue/Burgundy/Black; book $75.70 L20
Synchrony,ZEISS Synchrony,Single Vision Grind 1.60,,Single vision,1.60,Polarised,Freeform,grind,,-12.00,+8.00,-6.00,12.00,sphere,,,,89.91,59.94,L25,HMC+,,synchrony book p4; Polarised Grey/ Brown/ Pioneer; book $95.90 L20
Synchrony,ZEISS Synchrony,Single Vision Grind 1.60,,Single vision,1.60,Polarised,Freeform,grind,,-12.00,+8.00,-6.00,12.00,sphere,,,,88.88,59.25,L25,HMC+ Back Surface Multi-Coat,,synchrony book p4; Polarised Grey/ Brown/ Pioneer; book $94.80 L20
Synchrony,ZEISS Synchrony,Single Vision Grind 1.60,,Single vision,1.60,Polarised,Freeform,grind,,-12.00,+8.00,-6.00,12.00,sphere,,,,70.97,47.31,L25,HC hard coat,,synchrony book p4; Polarised Grey/ Brown/ Pioneer; book $75.70 L20
Synchrony,ZEISS Synchrony,Single Vision Grind 1.67,,Single vision,1.67,Clear,Freeform,grind,,-13.00,+10.00,-6.00,13.00,sphere,,,,85.12,56.75,L25,HMC+,,synchrony book p4; Clear; book $90.80 L20
Synchrony,ZEISS Synchrony,Single Vision Grind 1.67,,Single vision,1.67,Clear,Freeform,grind,,-13.00,+10.00,-6.00,13.00,sphere,,,,87.98,58.66,L25,HMC Blue,,synchrony book p4; Clear; book $93.85 L20
Synchrony,ZEISS Synchrony,Single Vision Grind 1.67,,Single vision,1.67,Photochromic,Freeform,grind,,-13.00,+8.00,-6.00,13.00,sphere,,,,113.53,75.69,L25,HMC+,,synchrony book p4; Photo Grey/Brown/Pioneer/Extra Grey/Blue/Burgundy/Black; book $121.10 L20
Synchrony,ZEISS Synchrony,Single Vision Grind 1.67,,Single vision,1.67,Photochromic,Freeform,grind,,-13.00,+8.00,-6.00,13.00,sphere,,,,116.39,77.59,L25,HMC Blue,,synchrony book p4; Photo Grey/Brown/Pioneer/Extra Grey/Blue/Burgundy/Black; book $124.15 L20
Synchrony,ZEISS Synchrony,Single Vision Grind 1.67,,Single vision,1.67,Polarised,Freeform,grind,,-12.00,+8.00,-6.00,12.00,sphere,,,,113.53,75.69,L25,HMC+,,synchrony book p4; Polarised Grey/ Brown; book $121.10 L20
Synchrony,ZEISS Synchrony,Single Vision Grind 1.67,,Single vision,1.67,Polarised,Freeform,grind,,-12.00,+8.00,-6.00,12.00,sphere,,,,112.50,75.00,L25,HMC+ Back Surface Multi-Coat,,synchrony book p4; Polarised Grey/ Brown; book $120.00 L20
Synchrony,ZEISS Synchrony,Progressive Ultra HDC 1.50,,Progressive,1.50,Clear,Freeform,grind,,-10.00,+6.00,-6.00,10.00,sphere,0.75,3.50,Add 0.75 to 3.50,66.19,44.12,L25,HMC+,,synchrony book p5; Clear; book $70.60 L20
Synchrony,ZEISS Synchrony,Progressive Ultra HDC 1.50,,Progressive,1.50,Clear,Freeform,grind,,-10.00,+6.00,-6.00,10.00,sphere,0.75,3.50,Add 0.75 to 3.50,69.05,46.03,L25,HMC Blue,,synchrony book p5; Clear; book $73.65 L20
Synchrony,ZEISS Synchrony,Progressive Ultra HDC 1.50,,Progressive,1.50,Clear,Freeform,grind,,-10.00,+6.00,-6.00,10.00,sphere,0.75,3.50,Add 0.75 to 3.50,47.25,31.50,L25,HC hard coat,,synchrony book p5; Clear; book $50.40 L20
Synchrony,ZEISS Synchrony,Progressive Ultra HDC 1.50,,Progressive,1.50,Photochromic,Freeform,grind,,-10.00,+6.00,-6.00,10.00,sphere,0.75,3.50,Add 0.75 to 3.50,94.64,63.09,L25,HMC+,,synchrony book p5; Photo Grey/Brown/Pioneer/Extra Grey/Blue/Burgundy/Black; book $100.95 L20
Synchrony,ZEISS Synchrony,Progressive Ultra HDC 1.50,,Progressive,1.50,Photochromic,Freeform,grind,,-10.00,+6.00,-6.00,10.00,sphere,0.75,3.50,Add 0.75 to 3.50,97.50,65.00,L25,HMC Blue,,synchrony book p5; Photo Grey/Brown/Pioneer/Extra Grey/Blue/Burgundy/Black; book $104.00 L20
Synchrony,ZEISS Synchrony,Progressive Ultra HDC 1.50,,Progressive,1.50,Photochromic,Freeform,grind,,-10.00,+6.00,-6.00,10.00,sphere,0.75,3.50,Add 0.75 to 3.50,75.70,50.47,L25,HC hard coat,,synchrony book p5; Photo Grey/Brown/Pioneer/Extra Grey/Blue/Burgundy/Black; book $80.75 L20
Synchrony,ZEISS Synchrony,Progressive Ultra HDC 1.50,,Progressive,1.50,Polarised,Freeform,grind,,-8.00,+6.00,-6.00,8.00,sphere,0.75,3.50,Add 0.75 to 3.50,94.64,63.09,L25,HMC+,,synchrony book p5; Polarised Grey/Brown/Pioneer; book $100.95 L20
Synchrony,ZEISS Synchrony,Progressive Ultra HDC 1.50,,Progressive,1.50,Polarised,Freeform,grind,,-8.00,+6.00,-6.00,8.00,sphere,0.75,3.50,Add 0.75 to 3.50,93.61,62.41,L25,HMC+ Back Surface Multi-Coat,,synchrony book p5; Polarised Grey/Brown/Pioneer; book $99.85 L20
Synchrony,ZEISS Synchrony,Progressive Ultra HDC 1.50,,Progressive,1.50,Polarised,Freeform,grind,,-8.00,+6.00,-6.00,8.00,sphere,0.75,3.50,Add 0.75 to 3.50,75.70,50.47,L25,HC hard coat,,synchrony book p5; Polarised Grey/Brown/Pioneer; book $80.75 L20
Synchrony,ZEISS Synchrony,Progressive Ultra HDC 1.53,,Progressive,1.53,Clear,Freeform,grind,,-7.00,+5.00,-3.50,7.00,sphere,0.75,3.50,Add 0.75 to 3.50,85.12,56.75,L25,HMC+,,synchrony book p5; Clear; book $90.80 L20
Synchrony,ZEISS Synchrony,Progressive Ultra HDC 1.53,,Progressive,1.53,Clear,Freeform,grind,,-7.00,+5.00,-3.50,7.00,sphere,0.75,3.50,Add 0.75 to 3.50,87.98,58.66,L25,HMC Blue,,synchrony book p5; Clear; book $93.85 L20
Synchrony,ZEISS Synchrony,Progressive Ultra HDC 1.53,,Progressive,1.53,Clear,Freeform,grind,,-7.00,+5.00,-3.50,7.00,sphere,0.75,3.50,Add 0.75 to 3.50,66.19,44.12,L25,HC hard coat,,synchrony book p5; Clear; book $70.60 L20
Synchrony,ZEISS Synchrony,Progressive Ultra HDC 1.53,,Progressive,1.53,Polarised,Freeform,grind,,-4.50,+5.00,-3.50,4.50,sphere,0.75,3.50,Add 0.75 to 3.50,113.53,75.69,L25,HMC+,,synchrony book p5; Polarised Grey/ Brown; book $121.10 L20
Synchrony,ZEISS Synchrony,Progressive Ultra HDC 1.53,,Progressive,1.53,Polarised,Freeform,grind,,-4.50,+5.00,-3.50,4.50,sphere,0.75,3.50,Add 0.75 to 3.50,112.50,75.00,L25,HMC+ Back Surface Multi-Coat,,synchrony book p5; Polarised Grey/ Brown; book $120.00 L20
Synchrony,ZEISS Synchrony,Progressive Ultra HDC 1.53,,Progressive,1.53,Polarised,Freeform,grind,,-4.50,+5.00,-3.50,4.50,sphere,0.75,3.50,Add 0.75 to 3.50,94.59,63.06,L25,HC hard coat,,synchrony book p5; Polarised Grey/ Brown; book $100.90 L20
Synchrony,ZEISS Synchrony,Progressive Ultra HDC 1.59,,Progressive,1.59,Clear,Freeform,grind,,-9.00,+6.00,-6.00,9.00,sphere,0.75,3.50,Add 0.75 to 3.50,85.12,56.75,L25,HMC+,,synchrony book p5; Clear; book $90.80 L20
Synchrony,ZEISS Synchrony,Progressive Ultra HDC 1.59,,Progressive,1.59,Clear,Freeform,grind,,-9.00,+6.00,-6.00,9.00,sphere,0.75,3.50,Add 0.75 to 3.50,87.98,58.66,L25,HMC Blue,,synchrony book p5; Clear; book $93.85 L20
Synchrony,ZEISS Synchrony,Progressive Ultra HDC 1.59,,Progressive,1.59,Clear,Freeform,grind,,-9.00,+6.00,-6.00,9.00,sphere,0.75,3.50,Add 0.75 to 3.50,66.19,44.12,L25,HC hard coat,,synchrony book p5; Clear; book $70.60 L20
Synchrony,ZEISS Synchrony,Progressive Ultra HDC 1.59,,Progressive,1.59,Photochromic,Freeform,grind,,-9.00,+6.00,-6.00,9.00,sphere,0.75,3.50,Add 0.75 to 3.50,113.53,75.69,L25,HMC+,,synchrony book p5; Photo Grey/Brown/Pioneer/Extra Grey/Blue/Burgundy/Black; book $121.10 L20
Synchrony,ZEISS Synchrony,Progressive Ultra HDC 1.59,,Progressive,1.59,Photochromic,Freeform,grind,,-9.00,+6.00,-6.00,9.00,sphere,0.75,3.50,Add 0.75 to 3.50,116.39,77.59,L25,HMC Blue,,synchrony book p5; Photo Grey/Brown/Pioneer/Extra Grey/Blue/Burgundy/Black; book $124.15 L20
Synchrony,ZEISS Synchrony,Progressive Ultra HDC 1.59,,Progressive,1.59,Photochromic,Freeform,grind,,-9.00,+6.00,-6.00,9.00,sphere,0.75,3.50,Add 0.75 to 3.50,94.59,63.06,L25,HC hard coat,,synchrony book p5; Photo Grey/Brown/Pioneer/Extra Grey/Blue/Burgundy/Black; book $100.90 L20
Synchrony,ZEISS Synchrony,Progressive Ultra HDC 1.59,,Progressive,1.59,Polarised,Freeform,grind,,-9.00,+6.00,-6.00,9.00,sphere,0.75,3.50,Add 0.75 to 3.50,113.53,75.69,L25,HMC+,,synchrony book p5; Polarised Grey/Brown/Pioneer; book $121.10 L20
Synchrony,ZEISS Synchrony,Progressive Ultra HDC 1.59,,Progressive,1.59,Polarised,Freeform,grind,,-9.00,+6.00,-6.00,9.00,sphere,0.75,3.50,Add 0.75 to 3.50,112.50,75.00,L25,HMC+ Back Surface Multi-Coat,,synchrony book p5; Polarised Grey/Brown/Pioneer; book $120.00 L20
Synchrony,ZEISS Synchrony,Progressive Ultra HDC 1.59,,Progressive,1.59,Polarised,Freeform,grind,,-9.00,+6.00,-6.00,9.00,sphere,0.75,3.50,Add 0.75 to 3.50,94.59,63.06,L25,HC hard coat,,synchrony book p5; Polarised Grey/Brown/Pioneer; book $100.90 L20
Synchrony,ZEISS Synchrony,Progressive Ultra HDC 1.60,,Progressive,1.60,Clear,Freeform,grind,,-12.00,+6.00,-6.00,12.00,sphere,0.75,3.50,Add 0.75 to 3.50,89.91,59.94,L25,HMC+,,synchrony book p5; Clear; book $95.90 L20
Synchrony,ZEISS Synchrony,Progressive Ultra HDC 1.60,,Progressive,1.60,Clear,Freeform,grind,,-12.00,+6.00,-6.00,12.00,sphere,0.75,3.50,Add 0.75 to 3.50,92.77,61.84,L25,HMC Blue,,synchrony book p5; Clear; book $98.95 L20
Synchrony,ZEISS Synchrony,Progressive Ultra HDC 1.60,,Progressive,1.60,Clear,Freeform,grind,,-12.00,+6.00,-6.00,12.00,sphere,0.75,3.50,Add 0.75 to 3.50,70.97,47.31,L25,HC hard coat,,synchrony book p5; Clear; book $75.70 L20
Synchrony,ZEISS Synchrony,Progressive Ultra HDC 1.60,,Progressive,1.60,Photochromic,Freeform,grind,,-12.00,+6.00,-6.00,12.00,sphere,0.75,3.50,Add 0.75 to 3.50,118.22,78.81,L25,HMC+,,synchrony book p5; Photo Grey/Brown/Pioneer/Extra Grey/Blue/Burgundy/Black; book $126.10 L20
Synchrony,ZEISS Synchrony,Progressive Ultra HDC 1.60,,Progressive,1.60,Photochromic,Freeform,grind,,-12.00,+6.00,-6.00,12.00,sphere,0.75,3.50,Add 0.75 to 3.50,121.08,80.72,L25,HMC Blue,,synchrony book p5; Photo Grey/Brown/Pioneer/Extra Grey/Blue/Burgundy/Black; book $129.15 L20
Synchrony,ZEISS Synchrony,Progressive Ultra HDC 1.60,,Progressive,1.60,Photochromic,Freeform,grind,,-12.00,+6.00,-6.00,12.00,sphere,0.75,3.50,Add 0.75 to 3.50,99.28,66.19,L25,HC hard coat,,synchrony book p5; Photo Grey/Brown/Pioneer/Extra Grey/Blue/Burgundy/Black; book $105.90 L20
Synchrony,ZEISS Synchrony,Progressive Ultra HDC 1.60,,Progressive,1.60,Polarised,Freeform,grind,,-12.00,+6.00,-6.00,12.00,sphere,0.75,3.50,Add 0.75 to 3.50,118.22,78.81,L25,HMC+,,synchrony book p5; Polarised Grey/Brown/Pioneer; book $126.10 L20
Synchrony,ZEISS Synchrony,Progressive Ultra HDC 1.60,,Progressive,1.60,Polarised,Freeform,grind,,-12.00,+6.00,-6.00,12.00,sphere,0.75,3.50,Add 0.75 to 3.50,117.19,78.12,L25,HMC+ Back Surface Multi-Coat,,synchrony book p5; Polarised Grey/Brown/Pioneer; book $125.00 L20
Synchrony,ZEISS Synchrony,Progressive Ultra HDC 1.60,,Progressive,1.60,Polarised,Freeform,grind,,-12.00,+6.00,-6.00,12.00,sphere,0.75,3.50,Add 0.75 to 3.50,99.28,66.19,L25,HC hard coat,,synchrony book p5; Polarised Grey/Brown/Pioneer; book $105.90 L20
Synchrony,ZEISS Synchrony,Progressive Ultra HDC 1.67,,Progressive,1.67,Clear,Freeform,grind,,-12.00,+8.00,-6.00,12.00,sphere,0.75,3.50,Add 0.75 to 3.50,113.53,75.69,L25,HMC+,,synchrony book p5; Clear; book $121.10 L20
Synchrony,ZEISS Synchrony,Progressive Ultra HDC 1.67,,Progressive,1.67,Clear,Freeform,grind,,-12.00,+8.00,-6.00,12.00,sphere,0.75,3.50,Add 0.75 to 3.50,116.39,77.59,L25,HMC Blue,,synchrony book p5; Clear; book $124.15 L20
Synchrony,ZEISS Synchrony,Progressive Ultra HDC 1.67,,Progressive,1.67,Photochromic,Freeform,grind,,-12.00,+8.00,-6.00,12.00,sphere,0.75,3.50,Add 0.75 to 3.50,141.84,94.56,L25,HMC+,,synchrony book p5; Photo Grey/Brown/Pioneer/Extra Grey/Blue/Burgundy/Black; book $151.30 L20
Synchrony,ZEISS Synchrony,Progressive Ultra HDC 1.67,,Progressive,1.67,Photochromic,Freeform,grind,,-12.00,+8.00,-6.00,12.00,sphere,0.75,3.50,Add 0.75 to 3.50,144.70,96.47,L25,HMC Blue,,synchrony book p5; Photo Grey/Brown/Pioneer/Extra Grey/Blue/Burgundy/Black; book $154.35 L20
Synchrony,ZEISS Synchrony,Progressive Ultra HDC 1.67,,Progressive,1.67,Polarised,Freeform,grind,,-11.00,+6.00,-6.00,11.00,sphere,0.75,3.50,Add 0.75 to 3.50,141.84,94.56,L25,HMC+,,synchrony book p5; Polarised Grey/Brown/Pioneer; book $151.30 L20
Synchrony,ZEISS Synchrony,Progressive Ultra HDC 1.67,,Progressive,1.67,Polarised,Freeform,grind,,-11.00,+6.00,-6.00,11.00,sphere,0.75,3.50,Add 0.75 to 3.50,144.70,96.47,L25,HMC Blue,,synchrony book p5; Polarised Grey/Brown/Pioneer; book $154.35 L20
Synchrony,ZEISS Synchrony,Progressive Ultra HDC 1.74,,Progressive,1.74,Clear,Freeform,grind,,-16.00,+10.00,-6.00,16.00,sphere,0.75,3.50,Add 0.75 to 3.50,127.78,85.19,L25,HMC+,,synchrony book p5; Clear; book $136.30 L20
Synchrony,ZEISS Synchrony,Progressive Ultra HDC 1.74,,Progressive,1.74,Clear,Freeform,grind,,-16.00,+10.00,-6.00,16.00,sphere,0.75,3.50,Add 0.75 to 3.50,130.64,87.09,L25,HMC Blue,,synchrony book p5; Clear; book $139.35 L20
Synchrony,ZEISS Synchrony,Progressive Ultra HDV 1.50,N6492,Progressive,1.50,Clear,Freeform,grind,,-10.00,+6.00,-6.00,10.00,sphere,0.75,3.50,Add 0.75 to 3.50,45.00,,deal,HMC+,,synchrony book p6; Clear; deal price fixed for the term (book $60.50 L20)
Synchrony,ZEISS Synchrony,Progressive Ultra HDV 1.50,,Progressive,1.50,Clear,Freeform,grind,,-10.00,+6.00,-6.00,10.00,sphere,0.75,3.50,Add 0.75 to 3.50,59.58,39.72,L25,HMC Blue,,synchrony book p6; Clear; book $63.55 L20
Synchrony,ZEISS Synchrony,Progressive Ultra HDV 1.50,,Progressive,1.50,Clear,Freeform,grind,,-10.00,+6.00,-6.00,10.00,sphere,0.75,3.50,Add 0.75 to 3.50,37.78,25.19,L25,HC hard coat,,synchrony book p6; Clear; book $40.30 L20
Synchrony,ZEISS Synchrony,Progressive Ultra HDV 1.50,54708,Progressive,1.50,Photochromic,Freeform,grind,,-10.00,+6.00,-6.00,10.00,sphere,0.75,3.50,Add 0.75 to 3.50,70.00,,deal,HMC+,,synchrony book p6; Photo Grey/Brown/Pioneer/Extra Grey/Blue/Burgundy/Black; deal price fixed for the term (book $90.80 L20)
Synchrony,ZEISS Synchrony,Progressive Ultra HDV 1.50,,Progressive,1.50,Photochromic,Freeform,grind,,-10.00,+6.00,-6.00,10.00,sphere,0.75,3.50,Add 0.75 to 3.50,87.98,58.66,L25,HMC Blue,,synchrony book p6; Photo Grey/Brown/Pioneer/Extra Grey/Blue/Burgundy/Black; book $93.85 L20
Synchrony,ZEISS Synchrony,Progressive Ultra HDV 1.50,,Progressive,1.50,Photochromic,Freeform,grind,,-10.00,+6.00,-6.00,10.00,sphere,0.75,3.50,Add 0.75 to 3.50,66.19,44.12,L25,HC hard coat,,synchrony book p6; Photo Grey/Brown/Pioneer/Extra Grey/Blue/Burgundy/Black; book $70.60 L20
Synchrony,ZEISS Synchrony,Progressive Ultra HDV 1.50,57989,Progressive,1.50,Polarised,Freeform,grind,,-8.00,+6.00,-6.00,8.00,sphere,0.75,3.50,Add 0.75 to 3.50,70.00,,deal,HMC+,,synchrony book p6; Polarised Grey/Brown/Pioneer; deal price fixed for the term (book $90.80 L20)
Synchrony,ZEISS Synchrony,Progressive Ultra HDV 1.50,,Progressive,1.50,Polarised,Freeform,grind,,-8.00,+6.00,-6.00,8.00,sphere,0.75,3.50,Add 0.75 to 3.50,84.09,56.06,L25,HMC+ Back Surface Multi-Coat,,synchrony book p6; Polarised Grey/Brown/Pioneer; book $89.70 L20
Synchrony,ZEISS Synchrony,Progressive Ultra HDV 1.50,,Progressive,1.50,Polarised,Freeform,grind,,-8.00,+6.00,-6.00,8.00,sphere,0.75,3.50,Add 0.75 to 3.50,66.19,44.12,L25,HC hard coat,,synchrony book p6; Polarised Grey/Brown/Pioneer; book $70.60 L20
Synchrony,ZEISS Synchrony,Progressive Ultra HDV 1.53,N6500,Progressive,1.53,Clear,Freeform,grind,,-7.00,+5.00,-3.50,7.00,sphere,0.75,3.50,Add 0.75 to 3.50,45.00,,deal,HMC+,,synchrony book p6; Clear; deal price fixed for the term (book $80.75 L20)
Synchrony,ZEISS Synchrony,Progressive Ultra HDV 1.53,,Progressive,1.53,Clear,Freeform,grind,,-7.00,+5.00,-3.50,7.00,sphere,0.75,3.50,Add 0.75 to 3.50,78.56,52.38,L25,HMC Blue,,synchrony book p6; Clear; book $83.80 L20
Synchrony,ZEISS Synchrony,Progressive Ultra HDV 1.53,,Progressive,1.53,Clear,Freeform,grind,,-7.00,+5.00,-3.50,7.00,sphere,0.75,3.50,Add 0.75 to 3.50,56.77,37.84,L25,HC hard coat,,synchrony book p6; Clear; book $60.55 L20
Synchrony,ZEISS Synchrony,Progressive Ultra HDV 1.53,57988,Progressive,1.53,Polarised,Freeform,grind,,-4.50,+5.00,-3.50,4.50,sphere,0.75,3.50,Add 0.75 to 3.50,70.00,,deal,HMC+,,synchrony book p6; Polarised Grey/ Brown; deal price fixed for the term (book $111.00 L20)
Synchrony,ZEISS Synchrony,Progressive Ultra HDV 1.53,,Progressive,1.53,Polarised,Freeform,grind,,-4.50,+5.00,-3.50,4.50,sphere,0.75,3.50,Add 0.75 to 3.50,103.03,68.69,L25,HMC+ Back Surface Multi-Coat,,synchrony book p6; Polarised Grey/ Brown; book $109.90 L20
Synchrony,ZEISS Synchrony,Progressive Ultra HDV 1.53,,Progressive,1.53,Polarised,Freeform,grind,,-4.50,+5.00,-3.50,4.50,sphere,0.75,3.50,Add 0.75 to 3.50,85.12,56.75,L25,HC hard coat,,synchrony book p6; Polarised Grey/ Brown; book $90.80 L20
Synchrony,ZEISS Synchrony,Progressive Ultra HDV 1.59,,Progressive,1.59,Clear,Freeform,grind,,-9.00,+6.00,-6.00,9.00,sphere,0.75,3.50,Add 0.75 to 3.50,75.70,50.47,L25,HMC+,,synchrony book p6; Clear; book $80.75 L20
Synchrony,ZEISS Synchrony,Progressive Ultra HDV 1.59,,Progressive,1.59,Clear,Freeform,grind,,-9.00,+6.00,-6.00,9.00,sphere,0.75,3.50,Add 0.75 to 3.50,78.56,52.38,L25,HMC Blue,,synchrony book p6; Clear; book $83.80 L20
Synchrony,ZEISS Synchrony,Progressive Ultra HDV 1.59,,Progressive,1.59,Clear,Freeform,grind,,-9.00,+6.00,-6.00,9.00,sphere,0.75,3.50,Add 0.75 to 3.50,56.77,37.84,L25,HC hard coat,,synchrony book p6; Clear; book $60.55 L20
Synchrony,ZEISS Synchrony,Progressive Ultra HDV 1.59,,Progressive,1.59,Photochromic,Freeform,grind,,-9.00,+6.00,-6.00,9.00,sphere,0.75,3.50,Add 0.75 to 3.50,104.06,69.38,L25,HMC+,,synchrony book p6; Photo Grey/Brown/Pioneer/Extra Grey/Blue/Burgundy/Black; book $111.00 L20
Synchrony,ZEISS Synchrony,Progressive Ultra HDV 1.59,,Progressive,1.59,Photochromic,Freeform,grind,,-9.00,+6.00,-6.00,9.00,sphere,0.75,3.50,Add 0.75 to 3.50,106.92,71.28,L25,HMC Blue,,synchrony book p6; Photo Grey/Brown/Pioneer/Extra Grey/Blue/Burgundy/Black; book $114.05 L20
Synchrony,ZEISS Synchrony,Progressive Ultra HDV 1.59,,Progressive,1.59,Photochromic,Freeform,grind,,-9.00,+6.00,-6.00,9.00,sphere,0.75,3.50,Add 0.75 to 3.50,85.12,56.75,L25,HC hard coat,,synchrony book p6; Photo Grey/Brown/Pioneer/Extra Grey/Blue/Burgundy/Black; book $90.80 L20
Synchrony,ZEISS Synchrony,Progressive Ultra HDV 1.59,,Progressive,1.59,Polarised,Freeform,grind,,-9.00,+6.00,-6.00,9.00,sphere,0.75,3.50,Add 0.75 to 3.50,104.06,69.38,L25,HMC+,,synchrony book p6; Polarised Grey/Brown/Pioneer; book $111.00 L20
Synchrony,ZEISS Synchrony,Progressive Ultra HDV 1.59,,Progressive,1.59,Polarised,Freeform,grind,,-9.00,+6.00,-6.00,9.00,sphere,0.75,3.50,Add 0.75 to 3.50,103.03,68.69,L25,HMC+ Back Surface Multi-Coat,,synchrony book p6; Polarised Grey/Brown/Pioneer; book $109.90 L20
Synchrony,ZEISS Synchrony,Progressive Ultra HDV 1.59,,Progressive,1.59,Polarised,Freeform,grind,,-9.00,+6.00,-6.00,9.00,sphere,0.75,3.50,Add 0.75 to 3.50,85.12,56.75,L25,HC hard coat,,synchrony book p6; Polarised Grey/Brown/Pioneer; book $90.80 L20
Synchrony,ZEISS Synchrony,Progressive Ultra HDV 1.60,N6513,Progressive,1.60,Clear,Freeform,grind,,-12.00,+6.00,-6.00,12.00,sphere,0.75,3.50,Add 0.75 to 3.50,70.00,,deal,HMC+,,synchrony book p6; Clear; deal price fixed for the term (book $85.80 L20)
Synchrony,ZEISS Synchrony,Progressive Ultra HDV 1.60,,Progressive,1.60,Clear,Freeform,grind,,-12.00,+6.00,-6.00,12.00,sphere,0.75,3.50,Add 0.75 to 3.50,83.30,55.53,L25,HMC Blue,,synchrony book p6; Clear; book $88.85 L20
Synchrony,ZEISS Synchrony,Progressive Ultra HDV 1.60,,Progressive,1.60,Clear,Freeform,grind,,-12.00,+6.00,-6.00,12.00,sphere,0.75,3.50,Add 0.75 to 3.50,61.50,41.00,L25,HC hard coat,,synchrony book p6; Clear; book $65.60 L20
Synchrony,ZEISS Synchrony,Progressive Ultra HDV 1.60,54705,Progressive,1.60,Photochromic,Freeform,grind,,-12.00,+6.00,-6.00,12.00,sphere,0.75,3.50,Add 0.75 to 3.50,95.00,,deal,HMC+,,synchrony book p6; Photo Grey/Brown/Pioneer/Extra Grey/Blue/Burgundy/Black; deal price fixed for the term (book $116.05 L20)
Synchrony,ZEISS Synchrony,Progressive Ultra HDV 1.60,,Progressive,1.60,Photochromic,Freeform,grind,,-12.00,+6.00,-6.00,12.00,sphere,0.75,3.50,Add 0.75 to 3.50,111.66,74.44,L25,HMC Blue,,synchrony book p6; Photo Grey/Brown/Pioneer/Extra Grey/Blue/Burgundy/Black; book $119.10 L20
Synchrony,ZEISS Synchrony,Progressive Ultra HDV 1.60,,Progressive,1.60,Photochromic,Freeform,grind,,-12.00,+6.00,-6.00,12.00,sphere,0.75,3.50,Add 0.75 to 3.50,89.86,59.91,L25,HC hard coat,,synchrony book p6; Photo Grey/Brown/Pioneer/Extra Grey/Blue/Burgundy/Black; book $95.85 L20
Synchrony,ZEISS Synchrony,Progressive Ultra HDV 1.60,57986,Progressive,1.60,Polarised,Freeform,grind,,-12.00,+6.00,-6.00,12.00,sphere,0.75,3.50,Add 0.75 to 3.50,95.00,,deal,HMC+,,synchrony book p6; Polarised Grey/Brown/Pioneer; deal price fixed for the term (book $116.05 L20)
Synchrony,ZEISS Synchrony,Progressive Ultra HDV 1.60,,Progressive,1.60,Polarised,Freeform,grind,,-12.00,+6.00,-6.00,12.00,sphere,0.75,3.50,Add 0.75 to 3.50,107.77,71.84,L25,HMC+ Back Surface Multi-Coat,,synchrony book p6; Polarised Grey/Brown/Pioneer; book $114.95 L20
Synchrony,ZEISS Synchrony,Progressive Ultra HDV 1.60,,Progressive,1.60,Polarised,Freeform,grind,,-12.00,+6.00,-6.00,12.00,sphere,0.75,3.50,Add 0.75 to 3.50,89.86,59.91,L25,HC hard coat,,synchrony book p6; Polarised Grey/Brown/Pioneer; book $95.85 L20
Synchrony,ZEISS Synchrony,Progressive Ultra HDV 1.67,N6521,Progressive,1.67,Clear,Freeform,grind,,-12.00,+8.00,-6.00,12.00,sphere,0.75,3.50,Add 0.75 to 3.50,80.00,,deal,HMC+,,synchrony book p6; Clear; deal price fixed for the term (book $111.00 L20)
Synchrony,ZEISS Synchrony,Progressive Ultra HDV 1.67,,Progressive,1.67,Clear,Freeform,grind,,-12.00,+8.00,-6.00,12.00,sphere,0.75,3.50,Add 0.75 to 3.50,106.92,71.28,L25,HMC Blue,,synchrony book p6; Clear; book $114.05 L20
Synchrony,ZEISS Synchrony,Progressive Ultra HDV 1.67,54704,Progressive,1.67,Photochromic,Freeform,grind,,-12.00,+8.00,-6.00,12.00,sphere,0.75,3.50,Add 0.75 to 3.50,105.00,,deal,HMC+,,synchrony book p6; Photo Grey/Brown/Pioneer/Extra Grey/Blue/Burgundy/Black; deal price fixed for the term (book $141.30 L20)
Synchrony,ZEISS Synchrony,Progressive Ultra HDV 1.67,,Progressive,1.67,Photochromic,Freeform,grind,,-12.00,+8.00,-6.00,12.00,sphere,0.75,3.50,Add 0.75 to 3.50,135.33,90.22,L25,HMC Blue,,synchrony book p6; Photo Grey/Brown/Pioneer/Extra Grey/Blue/Burgundy/Black; book $144.35 L20
Synchrony,ZEISS Synchrony,Progressive Ultra HDV 1.67,57985,Progressive,1.67,Polarised,Freeform,grind,,-11.00,+6.00,-6.00,11.00,sphere,0.75,3.50,Add 0.75 to 3.50,105.00,,deal,HMC+,,synchrony book p6; Polarised Grey/Brown/Pioneer; deal price fixed for the term (book $141.30 L20)
Synchrony,ZEISS Synchrony,Progressive Ultra HDV 1.67,,Progressive,1.67,Polarised,Freeform,grind,,-11.00,+6.00,-6.00,11.00,sphere,0.75,3.50,Add 0.75 to 3.50,135.33,90.22,L25,HMC Blue,,synchrony book p6; Polarised Grey/Brown/Pioneer; book $144.35 L20
Synchrony,ZEISS Synchrony,Progressive Ultra HDV 1.74,N6529,Progressive,1.74,Clear,Freeform,grind,,-16.00,+10.00,-6.00,16.00,sphere,0.75,3.50,Add 0.75 to 3.50,85.00,,deal,HMC+,,synchrony book p6; Clear; deal price fixed for the term (book $126.10 L20)
Synchrony,ZEISS Synchrony,Progressive Ultra HDV 1.74,,Progressive,1.74,Clear,Freeform,grind,,-16.00,+10.00,-6.00,16.00,sphere,0.75,3.50,Add 0.75 to 3.50,121.08,80.72,L25,HMC Blue,,synchrony book p6; Clear; book $129.15 L20
Synchrony,ZEISS Synchrony,Progressive Performance HD 1.50,N6302,Progressive,1.50,Clear,Freeform,grind,,-10.00,+6.00,-6.00,10.00,sphere,0.75,3.50,Add 0.75 to 3.50,45.00,,deal,HMC+,,synchrony book p7; Clear; deal price fixed for the term (book $51.30 L20)
Synchrony,ZEISS Synchrony,Progressive Performance HD 1.50,,Progressive,1.50,Clear,Freeform,grind,,-10.00,+6.00,-6.00,10.00,sphere,0.75,3.50,Add 0.75 to 3.50,50.95,33.97,L25,HMC Blue,,synchrony book p7; Clear; book $54.35 L20
Synchrony,ZEISS Synchrony,Progressive Performance HD 1.50,,Progressive,1.50,Clear,Freeform,grind,,-10.00,+6.00,-6.00,10.00,sphere,0.75,3.50,Add 0.75 to 3.50,29.16,19.44,L25,HC hard coat,,synchrony book p7; Clear; book $31.10 L20
Synchrony,ZEISS Synchrony,Progressive Performance HD Short 1.50,N6264,Progressive,1.50,Clear,Freeform,grind,,-10.00,+6.00,-6.00,10.00,sphere,0.75,3.50,Add 0.75 to 3.50,45.00,,deal,HMC+,,synchrony book p7; Clear; deal price fixed for the term (book $51.30 L20)
Synchrony,ZEISS Synchrony,Progressive Performance HD Short 1.50,,Progressive,1.50,Clear,Freeform,grind,,-10.00,+6.00,-6.00,10.00,sphere,0.75,3.50,Add 0.75 to 3.50,50.95,33.97,L25,HMC Blue,,synchrony book p7; Clear; book $54.35 L20
Synchrony,ZEISS Synchrony,Progressive Performance HD Short 1.50,,Progressive,1.50,Clear,Freeform,grind,,-10.00,+6.00,-6.00,10.00,sphere,0.75,3.50,Add 0.75 to 3.50,29.16,19.44,L25,HC hard coat,,synchrony book p7; Clear; book $31.10 L20
Synchrony,ZEISS Synchrony,Progressive Performance HD 1.50,54813,Progressive,1.50,Photochromic,Freeform,grind,,-10.00,+6.00,-6.00,10.00,sphere,0.75,3.50,Add 0.75 to 3.50,70.00,,deal,HMC+,,synchrony book p7; Photo Grey/Brown/Pioneer/Extra Grey/Blue/Burgundy/Black; deal price fixed for the term (book $77.90 L20)
Synchrony,ZEISS Synchrony,Progressive Performance HD 1.50,,Progressive,1.50,Photochromic,Freeform,grind,,-10.00,+6.00,-6.00,10.00,sphere,0.75,3.50,Add 0.75 to 3.50,75.89,50.59,L25,HMC Blue,,synchrony book p7; Photo Grey/Brown/Pioneer/Extra Grey/Blue/Burgundy/Black; book $80.95 L20
Synchrony,ZEISS Synchrony,Progressive Performance HD 1.50,,Progressive,1.50,Photochromic,Freeform,grind,,-10.00,+6.00,-6.00,10.00,sphere,0.75,3.50,Add 0.75 to 3.50,54.09,36.06,L25,HC hard coat,,synchrony book p7; Photo Grey/Brown/Pioneer/Extra Grey/Blue/Burgundy/Black; book $57.70 L20
Synchrony,ZEISS Synchrony,Progressive Performance HD Short 1.50,54787,Progressive,1.50,Photochromic,Freeform,grind,,-10.00,+6.00,-6.00,10.00,sphere,0.75,3.50,Add 0.75 to 3.50,70.00,,deal,HMC+,,synchrony book p7; Photo Grey/Brown/Pioneer/Extra Grey/Blue/Burgundy/Black; deal price fixed for the term (book $77.90 L20)
Synchrony,ZEISS Synchrony,Progressive Performance HD Short 1.50,,Progressive,1.50,Photochromic,Freeform,grind,,-10.00,+6.00,-6.00,10.00,sphere,0.75,3.50,Add 0.75 to 3.50,75.89,50.59,L25,HMC Blue,,synchrony book p7; Photo Grey/Brown/Pioneer/Extra Grey/Blue/Burgundy/Black; book $80.95 L20
Synchrony,ZEISS Synchrony,Progressive Performance HD Short 1.50,,Progressive,1.50,Photochromic,Freeform,grind,,-10.00,+6.00,-6.00,10.00,sphere,0.75,3.50,Add 0.75 to 3.50,54.09,36.06,L25,HC hard coat,,synchrony book p7; Photo Grey/Brown/Pioneer/Extra Grey/Blue/Burgundy/Black; book $57.70 L20
Synchrony,ZEISS Synchrony,Progressive Performance HD 1.50,58067,Progressive,1.50,Polarised,Freeform,grind,,-8.00,+6.00,-6.00,8.00,sphere,0.75,3.50,Add 0.75 to 3.50,70.00,,deal,HMC+,,synchrony book p7; Polarised Grey/Brown/Pioneer; deal price fixed for the term (book $77.90 L20)
Synchrony,ZEISS Synchrony,Progressive Performance HD 1.50,,Progressive,1.50,Polarised,Freeform,grind,,-8.00,+6.00,-6.00,8.00,sphere,0.75,3.50,Add 0.75 to 3.50,72.00,48.00,L25,HMC+ Back Surface Multi-Coat,,synchrony book p7; Polarised Grey/Brown/Pioneer; book $76.80 L20
Synchrony,ZEISS Synchrony,Progressive Performance HD 1.50,,Progressive,1.50,Polarised,Freeform,grind,,-8.00,+6.00,-6.00,8.00,sphere,0.75,3.50,Add 0.75 to 3.50,54.09,36.06,L25,HC hard coat,,synchrony book p7; Polarised Grey/Brown/Pioneer; book $57.70 L20
Synchrony,ZEISS Synchrony,Progressive Performance HD Short 1.50,58046,Progressive,1.50,Polarised,Freeform,grind,,-8.00,+6.00,-6.00,8.00,sphere,0.75,3.50,Add 0.75 to 3.50,70.00,,deal,HMC+,,synchrony book p7; Polarised Grey/Brown/Pioneer; deal price fixed for the term (book $77.90 L20)
Synchrony,ZEISS Synchrony,Progressive Performance HD Short 1.50,,Progressive,1.50,Polarised,Freeform,grind,,-8.00,+6.00,-6.00,8.00,sphere,0.75,3.50,Add 0.75 to 3.50,72.00,48.00,L25,HMC+ Back Surface Multi-Coat,,synchrony book p7; Polarised Grey/Brown/Pioneer; book $76.80 L20
Synchrony,ZEISS Synchrony,Progressive Performance HD Short 1.50,,Progressive,1.50,Polarised,Freeform,grind,,-8.00,+6.00,-6.00,8.00,sphere,0.75,3.50,Add 0.75 to 3.50,54.09,36.06,L25,HC hard coat,,synchrony book p7; Polarised Grey/Brown/Pioneer; book $57.70 L20
Synchrony,ZEISS Synchrony,Progressive Performance HD 1.53,N6310,Progressive,1.53,Clear,Freeform,grind,,-7.00,+5.00,-3.50,7.00,sphere,0.75,3.50,Add 0.75 to 3.50,45.00,,deal,HMC+,,synchrony book p7; Clear; deal price fixed for the term (book $68.15 L20)
Synchrony,ZEISS Synchrony,Progressive Performance HD 1.53,,Progressive,1.53,Clear,Freeform,grind,,-7.00,+5.00,-3.50,7.00,sphere,0.75,3.50,Add 0.75 to 3.50,66.75,44.50,L25,HMC Blue,,synchrony book p7; Clear; book $71.20 L20
Synchrony,ZEISS Synchrony,Progressive Performance HD 1.53,,Progressive,1.53,Clear,Freeform,grind,,-7.00,+5.00,-3.50,7.00,sphere,0.75,3.50,Add 0.75 to 3.50,44.95,29.97,L25,HC hard coat,,synchrony book p7; Clear; book $47.95 L20
Synchrony,ZEISS Synchrony,Progressive Performance HD Short 1.53,N6272,Progressive,1.53,Clear,Freeform,grind,,-7.00,+5.00,-3.50,7.00,sphere,0.75,3.50,Add 0.75 to 3.50,45.00,,deal,HMC+,,synchrony book p7; Clear; deal price fixed for the term (book $68.15 L20)
Synchrony,ZEISS Synchrony,Progressive Performance HD Short 1.53,,Progressive,1.53,Clear,Freeform,grind,,-7.00,+5.00,-3.50,7.00,sphere,0.75,3.50,Add 0.75 to 3.50,66.75,44.50,L25,HMC Blue,,synchrony book p7; Clear; book $71.20 L20
Synchrony,ZEISS Synchrony,Progressive Performance HD Short 1.53,,Progressive,1.53,Clear,Freeform,grind,,-7.00,+5.00,-3.50,7.00,sphere,0.75,3.50,Add 0.75 to 3.50,44.95,29.97,L25,HC hard coat,,synchrony book p7; Clear; book $47.95 L20
Synchrony,ZEISS Synchrony,Progressive Performance HD 1.53,58066,Progressive,1.53,Polarised,Freeform,grind,,-4.50,+5.00,-3.50,4.50,sphere,0.75,3.50,Add 0.75 to 3.50,70.00,,deal,HMC+,,synchrony book p7; Polarised Grey/ Brown; deal price fixed for the term (book $98.40 L20)
Synchrony,ZEISS Synchrony,Progressive Performance HD 1.53,,Progressive,1.53,Polarised,Freeform,grind,,-4.50,+5.00,-3.50,4.50,sphere,0.75,3.50,Add 0.75 to 3.50,91.22,60.81,L25,HMC+ Back Surface Multi-Coat,,synchrony book p7; Polarised Grey/ Brown; book $97.30 L20
Synchrony,ZEISS Synchrony,Progressive Performance HD 1.53,,Progressive,1.53,Polarised,Freeform,grind,,-4.50,+5.00,-3.50,4.50,sphere,0.75,3.50,Add 0.75 to 3.50,73.31,48.88,L25,HC hard coat,,synchrony book p7; Polarised Grey/ Brown; book $78.20 L20
Synchrony,ZEISS Synchrony,Progressive Performance HD Short 1.53,58045,Progressive,1.53,Polarised,Freeform,grind,,-4.50,+5.00,-3.50,4.50,sphere,0.75,3.50,Add 0.75 to 3.50,70.00,,deal,HMC+,,synchrony book p7; Polarised Grey/ Brown; deal price fixed for the term (book $98.40 L20)
Synchrony,ZEISS Synchrony,Progressive Performance HD Short 1.53,,Progressive,1.53,Polarised,Freeform,grind,,-4.50,+5.00,-3.50,4.50,sphere,0.75,3.50,Add 0.75 to 3.50,91.22,60.81,L25,HMC+ Back Surface Multi-Coat,,synchrony book p7; Polarised Grey/ Brown; book $97.30 L20
Synchrony,ZEISS Synchrony,Progressive Performance HD Short 1.53,,Progressive,1.53,Polarised,Freeform,grind,,-4.50,+5.00,-3.50,4.50,sphere,0.75,3.50,Add 0.75 to 3.50,73.31,48.88,L25,HC hard coat,,synchrony book p7; Polarised Grey/ Brown; book $78.20 L20
Synchrony,ZEISS Synchrony,Progressive Performance HD 1.59,,Progressive,1.59,Clear,Freeform,grind,,-9.00,+6.00,-6.00,9.00,sphere,0.75,3.50,Add 0.75 to 3.50,63.89,42.59,L25,HMC+,,synchrony book p7; Clear; book $68.15 L20
Synchrony,ZEISS Synchrony,Progressive Performance HD 1.59,,Progressive,1.59,Clear,Freeform,grind,,-9.00,+6.00,-6.00,9.00,sphere,0.75,3.50,Add 0.75 to 3.50,66.75,44.50,L25,HMC Blue,,synchrony book p7; Clear; book $71.20 L20
Synchrony,ZEISS Synchrony,Progressive Performance HD 1.59,,Progressive,1.59,Clear,Freeform,grind,,-9.00,+6.00,-6.00,9.00,sphere,0.75,3.50,Add 0.75 to 3.50,44.95,29.97,L25,HC hard coat,,synchrony book p7; Clear; book $47.95 L20
Synchrony,ZEISS Synchrony,Progressive Performance HD Short 1.59,,Progressive,1.59,Clear,Freeform,grind,,-9.00,+6.00,-6.00,9.00,sphere,0.75,3.50,Add 0.75 to 3.50,63.89,42.59,L25,HMC+,,synchrony book p7; Clear; book $68.15 L20
Synchrony,ZEISS Synchrony,Progressive Performance HD Short 1.59,,Progressive,1.59,Clear,Freeform,grind,,-9.00,+6.00,-6.00,9.00,sphere,0.75,3.50,Add 0.75 to 3.50,66.75,44.50,L25,HMC Blue,,synchrony book p7; Clear; book $71.20 L20
Synchrony,ZEISS Synchrony,Progressive Performance HD Short 1.59,,Progressive,1.59,Clear,Freeform,grind,,-9.00,+6.00,-6.00,9.00,sphere,0.75,3.50,Add 0.75 to 3.50,44.95,29.97,L25,HC hard coat,,synchrony book p7; Clear; book $47.95 L20
Synchrony,ZEISS Synchrony,Progressive Performance HD 1.59,,Progressive,1.59,Photochromic,Freeform,grind,,-9.00,+6.00,-6.00,9.00,sphere,0.75,3.50,Add 0.75 to 3.50,92.25,61.50,L25,HMC+,,synchrony book p7; Photo Grey/Brown/Pioneer/Extra Grey/Blue/Burgundy/Black; book $98.40 L20
Synchrony,ZEISS Synchrony,Progressive Performance HD 1.59,,Progressive,1.59,Photochromic,Freeform,grind,,-9.00,+6.00,-6.00,9.00,sphere,0.75,3.50,Add 0.75 to 3.50,95.11,63.41,L25,HMC Blue,,synchrony book p7; Photo Grey/Brown/Pioneer/Extra Grey/Blue/Burgundy/Black; book $101.45 L20
Synchrony,ZEISS Synchrony,Progressive Performance HD 1.59,,Progressive,1.59,Photochromic,Freeform,grind,,-9.00,+6.00,-6.00,9.00,sphere,0.75,3.50,Add 0.75 to 3.50,73.31,48.88,L25,HC hard coat,,synchrony book p7; Photo Grey/Brown/Pioneer/Extra Grey/Blue/Burgundy/Black; book $78.20 L20
Synchrony,ZEISS Synchrony,Progressive Performance HD Short 1.59,,Progressive,1.59,Photochromic,Freeform,grind,,-9.00,+6.00,-6.00,9.00,sphere,0.75,3.50,Add 0.75 to 3.50,92.25,61.50,L25,HMC+,,synchrony book p7; Photo Grey/Brown/Pioneer/Extra Grey/Blue/Burgundy/Black; book $98.40 L20
Synchrony,ZEISS Synchrony,Progressive Performance HD Short 1.59,,Progressive,1.59,Photochromic,Freeform,grind,,-9.00,+6.00,-6.00,9.00,sphere,0.75,3.50,Add 0.75 to 3.50,95.11,63.41,L25,HMC Blue,,synchrony book p7; Photo Grey/Brown/Pioneer/Extra Grey/Blue/Burgundy/Black; book $101.45 L20
Synchrony,ZEISS Synchrony,Progressive Performance HD Short 1.59,,Progressive,1.59,Photochromic,Freeform,grind,,-9.00,+6.00,-6.00,9.00,sphere,0.75,3.50,Add 0.75 to 3.50,73.31,48.88,L25,HC hard coat,,synchrony book p7; Photo Grey/Brown/Pioneer/Extra Grey/Blue/Burgundy/Black; book $78.20 L20
Synchrony,ZEISS Synchrony,Progressive Performance HD 1.59,,Progressive,1.59,Polarised,Freeform,grind,,-9.00,+6.00,-6.00,9.00,sphere,0.75,3.50,Add 0.75 to 3.50,92.25,61.50,L25,HMC+,,synchrony book p7; Polarised Grey/Brown/Pioneer; book $98.40 L20
Synchrony,ZEISS Synchrony,Progressive Performance HD 1.59,,Progressive,1.59,Polarised,Freeform,grind,,-9.00,+6.00,-6.00,9.00,sphere,0.75,3.50,Add 0.75 to 3.50,91.22,60.81,L25,HMC+ Back Surface Multi-Coat,,synchrony book p7; Polarised Grey/Brown/Pioneer; book $97.30 L20
Synchrony,ZEISS Synchrony,Progressive Performance HD 1.59,,Progressive,1.59,Polarised,Freeform,grind,,-9.00,+6.00,-6.00,9.00,sphere,0.75,3.50,Add 0.75 to 3.50,73.31,48.88,L25,HC hard coat,,synchrony book p7; Polarised Grey/Brown/Pioneer; book $78.20 L20
Synchrony,ZEISS Synchrony,Progressive Performance HD Short 1.59,,Progressive,1.59,Polarised,Freeform,grind,,-9.00,+6.00,-6.00,9.00,sphere,0.75,3.50,Add 0.75 to 3.50,92.25,61.50,L25,HMC+,,synchrony book p7; Polarised Grey/Brown/Pioneer; book $98.40 L20
Synchrony,ZEISS Synchrony,Progressive Performance HD Short 1.59,,Progressive,1.59,Polarised,Freeform,grind,,-9.00,+6.00,-6.00,9.00,sphere,0.75,3.50,Add 0.75 to 3.50,91.22,60.81,L25,HMC+ Back Surface Multi-Coat,,synchrony book p7; Polarised Grey/Brown/Pioneer; book $97.30 L20
Synchrony,ZEISS Synchrony,Progressive Performance HD Short 1.59,,Progressive,1.59,Polarised,Freeform,grind,,-9.00,+6.00,-6.00,9.00,sphere,0.75,3.50,Add 0.75 to 3.50,73.31,48.88,L25,HC hard coat,,synchrony book p7; Polarised Grey/Brown/Pioneer; book $78.20 L20
Synchrony,ZEISS Synchrony,Progressive Performance HD 1.60,N6323,Progressive,1.60,Clear,Freeform,grind,,-12.00,+6.00,-6.00,12.00,sphere,0.75,3.50,Add 0.75 to 3.50,70.00,,deal,HMC+,,synchrony book p7; Clear; deal price fixed for the term (book $73.25 L20)
Synchrony,ZEISS Synchrony,Progressive Performance HD 1.60,,Progressive,1.60,Clear,Freeform,grind,,-12.00,+6.00,-6.00,12.00,sphere,0.75,3.50,Add 0.75 to 3.50,71.53,47.69,L25,HMC Blue,,synchrony book p7; Clear; book $76.30 L20
Synchrony,ZEISS Synchrony,Progressive Performance HD 1.60,,Progressive,1.60,Clear,Freeform,grind,,-12.00,+6.00,-6.00,12.00,sphere,0.75,3.50,Add 0.75 to 3.50,49.73,33.16,L25,HC hard coat,,synchrony book p7; Clear; book $53.05 L20
Synchrony,ZEISS Synchrony,Progressive Performance HD Short 1.60,N6285,Progressive,1.60,Clear,Freeform,grind,,-12.00,+6.00,-6.00,12.00,sphere,0.75,3.50,Add 0.75 to 3.50,70.00,,deal,HMC+,,synchrony book p7; Clear; deal price fixed for the term (book $73.25 L20)
Synchrony,ZEISS Synchrony,Progressive Performance HD Short 1.60,,Progressive,1.60,Clear,Freeform,grind,,-12.00,+6.00,-6.00,12.00,sphere,0.75,3.50,Add 0.75 to 3.50,71.53,47.69,L25,HMC Blue,,synchrony book p7; Clear; book $76.30 L20
Synchrony,ZEISS Synchrony,Progressive Performance HD Short 1.60,,Progressive,1.60,Clear,Freeform,grind,,-12.00,+6.00,-6.00,12.00,sphere,0.75,3.50,Add 0.75 to 3.50,49.73,33.16,L25,HC hard coat,,synchrony book p7; Clear; book $53.05 L20
Synchrony,ZEISS Synchrony,Progressive Performance HD 1.60,54810,Progressive,1.60,Photochromic,Freeform,grind,,-12.00,+6.00,-6.00,12.00,sphere,0.75,3.50,Add 0.75 to 3.50,95.00,,deal,HMC+,,synchrony book p7; Photo Grey/Brown/Pioneer/Extra Grey/Blue/Burgundy/Black; deal price fixed for the term (book $103.50 L20)
Synchrony,ZEISS Synchrony,Progressive Performance HD 1.60,,Progressive,1.60,Photochromic,Freeform,grind,,-12.00,+6.00,-6.00,12.00,sphere,0.75,3.50,Add 0.75 to 3.50,99.89,66.59,L25,HMC Blue,,synchrony book p7; Photo Grey/Brown/Pioneer/Extra Grey/Blue/Burgundy/Black; book $106.55 L20
Synchrony,ZEISS Synchrony,Progressive Performance HD 1.60,,Progressive,1.60,Photochromic,Freeform,grind,,-12.00,+6.00,-6.00,12.00,sphere,0.75,3.50,Add 0.75 to 3.50,78.09,52.06,L25,HC hard coat,,synchrony book p7; Photo Grey/Brown/Pioneer/Extra Grey/Blue/Burgundy/Black; book $83.30 L20
Synchrony,ZEISS Synchrony,Progressive Performance HD Short 1.60,54784,Progressive,1.60,Photochromic,Freeform,grind,,-12.00,+6.00,-6.00,12.00,sphere,0.75,3.50,Add 0.75 to 3.50,95.00,,deal,HMC+,,synchrony book p7; Photo Grey/Brown/Pioneer/Extra Grey/Blue/Burgundy/Black; deal price fixed for the term (book $103.50 L20)
Synchrony,ZEISS Synchrony,Progressive Performance HD Short 1.60,,Progressive,1.60,Photochromic,Freeform,grind,,-12.00,+6.00,-6.00,12.00,sphere,0.75,3.50,Add 0.75 to 3.50,99.89,66.59,L25,HMC Blue,,synchrony book p7; Photo Grey/Brown/Pioneer/Extra Grey/Blue/Burgundy/Black; book $106.55 L20
Synchrony,ZEISS Synchrony,Progressive Performance HD Short 1.60,,Progressive,1.60,Photochromic,Freeform,grind,,-12.00,+6.00,-6.00,12.00,sphere,0.75,3.50,Add 0.75 to 3.50,78.09,52.06,L25,HC hard coat,,synchrony book p7; Photo Grey/Brown/Pioneer/Extra Grey/Blue/Burgundy/Black; book $83.30 L20
Synchrony,ZEISS Synchrony,Progressive Performance HD 1.60,58064,Progressive,1.60,Polarised,Freeform,grind,,-12.00,+6.00,-6.00,12.00,sphere,0.75,3.50,Add 0.75 to 3.50,95.00,,deal,HMC+,,synchrony book p7; Polarised Grey/Brown/Pioneer; deal price fixed for the term (book $103.50 L20)
Synchrony,ZEISS Synchrony,Progressive Performance HD 1.60,,Progressive,1.60,Polarised,Freeform,grind,,-12.00,+6.00,-6.00,12.00,sphere,0.75,3.50,Add 0.75 to 3.50,96.00,64.00,L25,HMC+ Back Surface Multi-Coat,,synchrony book p7; Polarised Grey/Brown/Pioneer; book $102.40 L20
Synchrony,ZEISS Synchrony,Progressive Performance HD 1.60,,Progressive,1.60,Polarised,Freeform,grind,,-12.00,+6.00,-6.00,12.00,sphere,0.75,3.50,Add 0.75 to 3.50,78.09,52.06,L25,HC hard coat,,synchrony book p7; Polarised Grey/Brown/Pioneer; book $83.30 L20
Synchrony,ZEISS Synchrony,Progressive Performance HD Short 1.60,58043,Progressive,1.60,Polarised,Freeform,grind,,-12.00,+6.00,-6.00,12.00,sphere,0.75,3.50,Add 0.75 to 3.50,95.00,,deal,HMC+,,synchrony book p7; Polarised Grey/Brown/Pioneer; deal price fixed for the term (book $103.50 L20)
Synchrony,ZEISS Synchrony,Progressive Performance HD Short 1.60,,Progressive,1.60,Polarised,Freeform,grind,,-12.00,+6.00,-6.00,12.00,sphere,0.75,3.50,Add 0.75 to 3.50,96.00,64.00,L25,HMC+ Back Surface Multi-Coat,,synchrony book p7; Polarised Grey/Brown/Pioneer; book $102.40 L20
Synchrony,ZEISS Synchrony,Progressive Performance HD Short 1.60,,Progressive,1.60,Polarised,Freeform,grind,,-12.00,+6.00,-6.00,12.00,sphere,0.75,3.50,Add 0.75 to 3.50,78.09,52.06,L25,HC hard coat,,synchrony book p7; Polarised Grey/Brown/Pioneer; book $83.30 L20
Synchrony,ZEISS Synchrony,Progressive Performance HD 1.67,N6331,Progressive,1.67,Clear,Freeform,grind,,-12.00,+8.00,-6.00,12.00,sphere,0.75,3.50,Add 0.75 to 3.50,80.00,,deal,HMC+,,synchrony book p7; Clear; deal price fixed for the term (book $98.40 L20)
Synchrony,ZEISS Synchrony,Progressive Performance HD 1.67,,Progressive,1.67,Clear,Freeform,grind,,-12.00,+8.00,-6.00,12.00,sphere,0.75,3.50,Add 0.75 to 3.50,95.11,63.41,L25,HMC Blue,,synchrony book p7; Clear; book $101.45 L20
Synchrony,ZEISS Synchrony,Progressive Performance HD Short 1.67,N6293,Progressive,1.67,Clear,Freeform,grind,,-12.00,+8.00,-6.00,12.00,sphere,0.75,3.50,Add 0.75 to 3.50,80.00,,deal,HMC+,,synchrony book p7; Clear; deal price fixed for the term (book $98.40 L20)
Synchrony,ZEISS Synchrony,Progressive Performance HD Short 1.67,,Progressive,1.67,Clear,Freeform,grind,,-12.00,+8.00,-6.00,12.00,sphere,0.75,3.50,Add 0.75 to 3.50,95.11,63.41,L25,HMC Blue,,synchrony book p7; Clear; book $101.45 L20
Synchrony,ZEISS Synchrony,Progressive Performance HD 1.67,54809,Progressive,1.67,Photochromic,Freeform,grind,,-12.00,+8.00,-6.00,12.00,sphere,0.75,3.50,Add 0.75 to 3.50,105.00,,deal,HMC+,,synchrony book p7; Photo Grey/Brown/Pioneer/Extra Grey/Blue/Burgundy/Black; deal price fixed for the term (book $128.70 L20)
Synchrony,ZEISS Synchrony,Progressive Performance HD 1.67,,Progressive,1.67,Photochromic,Freeform,grind,,-12.00,+8.00,-6.00,12.00,sphere,0.75,3.50,Add 0.75 to 3.50,123.52,82.34,L25,HMC Blue,,synchrony book p7; Photo Grey/Brown/Pioneer/Extra Grey/Blue/Burgundy/Black; book $131.75 L20
Synchrony,ZEISS Synchrony,Progressive Performance HD Short 1.67,54783,Progressive,1.67,Photochromic,Freeform,grind,,-12.00,+8.00,-6.00,12.00,sphere,0.75,3.50,Add 0.75 to 3.50,105.00,,deal,HMC+,,synchrony book p7; Photo Grey/Brown/Pioneer/Extra Grey/Blue/Burgundy/Black; deal price fixed for the term (book $128.70 L20)
Synchrony,ZEISS Synchrony,Progressive Performance HD Short 1.67,,Progressive,1.67,Photochromic,Freeform,grind,,-12.00,+8.00,-6.00,12.00,sphere,0.75,3.50,Add 0.75 to 3.50,123.52,82.34,L25,HMC Blue,,synchrony book p7; Photo Grey/Brown/Pioneer/Extra Grey/Blue/Burgundy/Black; book $131.75 L20
Synchrony,ZEISS Synchrony,Progressive Performance HD 1.67,58063,Progressive,1.67,Polarised,Freeform,grind,,-11.00,+6.00,-6.00,11.00,sphere,0.75,3.50,Add 0.75 to 3.50,105.00,,deal,HMC+,,synchrony book p7; Polarised Grey/Brown/Pioneer; deal price fixed for the term (book $128.70 L20)
Synchrony,ZEISS Synchrony,Progressive Performance HD 1.67,,Progressive,1.67,Polarised,Freeform,grind,,-11.00,+6.00,-6.00,11.00,sphere,0.75,3.50,Add 0.75 to 3.50,123.52,82.34,L25,HMC Blue,,synchrony book p7; Polarised Grey/Brown/Pioneer; book $131.75 L20
Synchrony,ZEISS Synchrony,Progressive Performance HD Short 1.67,58042,Progressive,1.67,Polarised,Freeform,grind,,-11.00,+6.00,-6.00,11.00,sphere,0.75,3.50,Add 0.75 to 3.50,105.00,,deal,HMC+,,synchrony book p7; Polarised Grey/Brown/Pioneer; deal price fixed for the term (book $128.70 L20)
Synchrony,ZEISS Synchrony,Progressive Performance HD Short 1.67,,Progressive,1.67,Polarised,Freeform,grind,,-11.00,+6.00,-6.00,11.00,sphere,0.75,3.50,Add 0.75 to 3.50,123.52,82.34,L25,HMC Blue,,synchrony book p7; Polarised Grey/Brown/Pioneer; book $131.75 L20
Synchrony,ZEISS Synchrony,Progressive Performance HD 1.74,N6339,Progressive,1.74,Clear,Freeform,grind,,-16.00,+10.00,-6.00,16.00,sphere,0.75,3.50,Add 0.75 to 3.50,85.00,,deal,HMC+,,synchrony book p7; Clear; deal price fixed for the term (book $113.55 L20)
Synchrony,ZEISS Synchrony,Progressive Performance HD 1.74,,Progressive,1.74,Clear,Freeform,grind,,-16.00,+10.00,-6.00,16.00,sphere,0.75,3.50,Add 0.75 to 3.50,109.31,72.88,L25,HMC Blue,,synchrony book p7; Clear; book $116.60 L20
Synchrony,ZEISS Synchrony,Progressive Performance HD Short 1.74,N6301,Progressive,1.74,Clear,Freeform,grind,,-16.00,+10.00,-6.00,16.00,sphere,0.75,3.50,Add 0.75 to 3.50,85.00,,deal,HMC+,,synchrony book p7; Clear; deal price fixed for the term (book $113.55 L20)
Synchrony,ZEISS Synchrony,Progressive Performance HD Short 1.74,,Progressive,1.74,Clear,Freeform,grind,,-16.00,+10.00,-6.00,16.00,sphere,0.75,3.50,Add 0.75 to 3.50,109.31,72.88,L25,HMC Blue,,synchrony book p7; Clear; book $116.60 L20
Synchrony,ZEISS Synchrony,Bifocal D28 1.60,,Bifocal,1.60,D28 Clear,Freeform,grind,,-8.00,+8.00,-4.00,8.00,sphere,1.00,3.50,Add 1.00 to 3.50,41.44,27.62,L25,HMC+,,synchrony book p8; D28 Clear; book $44.20 L20
Synchrony,ZEISS Synchrony,Bifocal D28 1.60,,Bifocal,1.60,D28 Clear,Freeform,grind,,-8.00,+8.00,-4.00,8.00,sphere,1.00,3.50,Add 1.00 to 3.50,44.30,29.53,L25,HMC Blue,,synchrony book p8; D28 Clear; book $47.25 L20
Synchrony,ZEISS Synchrony,Bifocal D28 1.60,,Bifocal,1.60,D28 Clear,Freeform,grind,,-8.00,+8.00,-4.00,8.00,sphere,1.00,3.50,Add 1.00 to 3.50,22.50,15.00,L25,HC hard coat,,synchrony book p8; D28 Clear; book $24.00 L20
Synchrony,ZEISS Synchrony,Bifocal D28 1.60,,Bifocal,1.60,D28 Clear (76mm),Freeform,grind,,-8.00,+8.00,-4.00,8.00,sphere,1.00,3.50,Add 1.00 to 3.50,41.44,27.62,L25,HMC+,,synchrony book p8; D28 Clear (76mm); book $44.20 L20
Synchrony,ZEISS Synchrony,Bifocal D28 1.60,,Bifocal,1.60,D28 Clear (76mm),Freeform,grind,,-8.00,+8.00,-4.00,8.00,sphere,1.00,3.50,Add 1.00 to 3.50,44.30,29.53,L25,HMC Blue,,synchrony book p8; D28 Clear (76mm); book $47.25 L20
Synchrony,ZEISS Synchrony,Bifocal D28 1.60,,Bifocal,1.60,D28 Clear (76mm),Freeform,grind,,-8.00,+8.00,-4.00,8.00,sphere,1.00,3.50,Add 1.00 to 3.50,22.50,15.00,L25,HC hard coat,,synchrony book p8; D28 Clear (76mm); book $24.00 L20
Synchrony,ZEISS Synchrony,Bifocal D28 1.60,,Bifocal,1.60,D28 Photo Grey/Brown,Freeform,grind,,-8.00,+6.00,-6.00,8.00,sphere,1.00,3.00,Add 1.00 to 3.00,66.19,44.12,L25,HMC+,,synchrony book p8; D28 Photo Grey/Brown; book $70.60 L20
Synchrony,ZEISS Synchrony,Bifocal D28 1.60,,Bifocal,1.60,D28 Photo Grey/Brown,Freeform,grind,,-8.00,+6.00,-6.00,8.00,sphere,1.00,3.00,Add 1.00 to 3.00,69.05,46.03,L25,HMC Blue,,synchrony book p8; D28 Photo Grey/Brown; book $73.65 L20
Synchrony,ZEISS Synchrony,Bifocal D28 1.60,,Bifocal,1.60,D28 Photo Grey/Brown,Freeform,grind,,-8.00,+6.00,-6.00,8.00,sphere,1.00,3.00,Add 1.00 to 3.00,47.25,31.50,L25,HC hard coat,,synchrony book p8; D28 Photo Grey/Brown; book $50.40 L20
Synchrony,ZEISS Synchrony,Bifocal D28 1.60,,Bifocal,1.60,D28 Polarised Grey/Brown,Freeform,grind,,-8.00,+6.00,-4.00,8.00,sphere,1.00,3.00,Add 1.00 to 3.00,66.19,44.12,L25,HMC+,,synchrony book p8; D28 Polarised Grey/Brown; book $70.60 L20
Synchrony,ZEISS Synchrony,Bifocal D28 1.60,,Bifocal,1.60,D28 Polarised Grey/Brown,Freeform,grind,,-8.00,+6.00,-4.00,8.00,sphere,1.00,3.00,Add 1.00 to 3.00,65.16,43.44,L25,HMC+ Back Surface Multi-Coat,,synchrony book p8; D28 Polarised Grey/Brown; book $69.50 L20
Synchrony,ZEISS Synchrony,Bifocal D28 1.60,,Bifocal,1.60,D28 Polarised Grey/Brown,Freeform,grind,,-8.00,+6.00,-4.00,8.00,sphere,1.00,3.00,Add 1.00 to 3.00,47.25,31.50,L25,HC hard coat,,synchrony book p8; D28 Polarised Grey/Brown; book $50.40 L20
Synchrony,ZEISS Synchrony,Bifocal D35 1.60,,Bifocal,1.60,D35 Clear (76mm),Freeform,grind,,-10.00,+8.00,-4.00,10.00,sphere,1.00,3.00,Add 1.00 to 3.00,42.61,28.41,L25,HMC+,,synchrony book p8; D35 Clear (76mm); book $45.45 L20
Synchrony,ZEISS Synchrony,Bifocal D35 1.60,,Bifocal,1.60,D35 Clear (76mm),Freeform,grind,,-10.00,+8.00,-4.00,10.00,sphere,1.00,3.00,Add 1.00 to 3.00,45.47,30.31,L25,HMC Blue,,synchrony book p8; D35 Clear (76mm); book $48.50 L20
Synchrony,ZEISS Synchrony,Bifocal D35 1.60,,Bifocal,1.60,D35 Clear (76mm),Freeform,grind,,-10.00,+8.00,-4.00,10.00,sphere,1.00,3.00,Add 1.00 to 3.00,23.67,15.78,L25,HC hard coat,,synchrony book p8; D35 Clear (76mm); book $25.25 L20
Synchrony,ZEISS Synchrony,Bifocal D35 1.60,,Bifocal,1.60,D35 Transitions Grey,Freeform,grind,,-6.00,+4.50,-4.00,6.00,sphere,1.00,3.00,Add 1.00 to 3.00,80.44,53.62,L25,HMC+,,synchrony book p8; D35 Transitions Grey; book $85.80 L20
Synchrony,ZEISS Synchrony,Bifocal D35 1.60,,Bifocal,1.60,D35 Transitions Grey,Freeform,grind,,-6.00,+4.50,-4.00,6.00,sphere,1.00,3.00,Add 1.00 to 3.00,61.50,41.00,L25,HC hard coat,,synchrony book p8; D35 Transitions Grey; book $65.60 L20
Synchrony,ZEISS Synchrony,Bifocal D28 1.60,,Bifocal,1.60,D28 Clear,Freeform,grind,,-9.00,+7.00,-4.00,9.00,sphere,1.00,3.50,Add 1.00 to 3.50,61.55,41.03,L25,HMC+,,synchrony book p8; D28 Clear; book $65.65 L20
Synchrony,ZEISS Synchrony,Bifocal D28 1.60,,Bifocal,1.60,D28 Clear,Freeform,grind,,-9.00,+7.00,-4.00,9.00,sphere,1.00,3.50,Add 1.00 to 3.50,64.41,42.94,L25,HMC Blue,,synchrony book p8; D28 Clear; book $68.70 L20
Synchrony,ZEISS Synchrony,Bifocal D28 1.60,,Bifocal,1.60,D28 Clear,Freeform,grind,,-9.00,+7.00,-4.00,9.00,sphere,1.00,3.50,Add 1.00 to 3.50,42.61,28.41,L25,HC hard coat,,synchrony book p8; D28 Clear; book $45.45 L20
Synchrony,ZEISS Synchrony,Bifocal D28 1.60,,Bifocal,1.60,D28 Transitions Grey,Freeform,grind,,-9.00,+7.00,-4.00,9.00,sphere,1.00,3.50,Add 1.00 to 3.50,89.91,59.94,L25,HMC+,,synchrony book p8; D28 Transitions Grey; book $95.90 L20
Synchrony,ZEISS Synchrony,Bifocal D28 1.60,,Bifocal,1.60,D28 Transitions Grey,Freeform,grind,,-9.00,+7.00,-4.00,9.00,sphere,1.00,3.50,Add 1.00 to 3.50,70.97,47.31,L25,HC hard coat,,synchrony book p8; D28 Transitions Grey; book $75.70 L20
Synchrony,ZEISS Synchrony,Bifocal D28 1.60,,Bifocal,1.60,D28 Clear,Freeform,grind,,-12.00,+6.00,-6.00,12.00,sphere,1.00,3.00,Add 1.00 to 3.00,61.55,41.03,L25,HMC+,,synchrony book p8; D28 Clear; book $65.65 L20
Synchrony,ZEISS Synchrony,Bifocal D28 1.60,,Bifocal,1.60,D28 Clear,Freeform,grind,,-12.00,+6.00,-6.00,12.00,sphere,1.00,3.00,Add 1.00 to 3.00,64.41,42.94,L25,HMC Blue,,synchrony book p8; D28 Clear; book $68.70 L20
Synchrony,ZEISS Synchrony,Bifocal D28 1.60,,Bifocal,1.60,D28 Clear,Freeform,grind,,-12.00,+6.00,-6.00,12.00,sphere,1.00,3.00,Add 1.00 to 3.00,42.61,28.41,L25,HC hard coat,,synchrony book p8; D28 Clear; book $45.45 L20
Synchrony,ZEISS Synchrony,Bifocal D28 1.60,,Bifocal,1.60,D28 Clear,Freeform,grind,,-10.00,+6.00,-4.00,10.00,sphere,1.00,3.00,Add 1.00 to 3.00,89.91,59.94,L25,HMC+,,synchrony book p8; D28 Clear; book $95.90 L20
Synchrony,ZEISS Synchrony,Bifocal D28 1.60,,Bifocal,1.60,D28 Clear,Freeform,grind,,-10.00,+6.00,-4.00,10.00,sphere,1.00,3.00,Add 1.00 to 3.00,92.77,61.84,L25,HMC Blue,,synchrony book p8; D28 Clear; book $98.95 L20
Synchrony,ZEISS Synchrony,Bifocal D28 1.60,,Bifocal,1.60,D28 Clear,Freeform,grind,,-10.00,+6.00,-4.00,10.00,sphere,1.00,3.00,Add 1.00 to 3.00,70.97,47.31,L25,HC hard coat,,synchrony book p8; D28 Clear; book $75.70 L20
Synchrony,ZEISS Synchrony,Trifocal D28/7 1.50,,Bifocal,1.50,D28/7 Clear,Freeform,grind,,-7.00,+8.00,-4.00,7.00,sphere,,,,66.19,44.12,L25,HMC+,,synchrony book p8; D28/7 Clear; book $70.60 L20
Synchrony,ZEISS Synchrony,Trifocal D28/7 1.50,,Bifocal,1.50,D28/7 Clear,Freeform,grind,,-7.00,+8.00,-4.00,7.00,sphere,,,,69.05,46.03,L25,HMC Blue,,synchrony book p8; D28/7 Clear; book $73.65 L20
Synchrony,ZEISS Synchrony,Trifocal D28/7 1.50,,Bifocal,1.50,D28/7 Clear,Freeform,grind,,-7.00,+8.00,-4.00,7.00,sphere,,,,47.25,31.50,L25,HC hard coat,,synchrony book p8; D28/7 Clear; book $50.40 L20
Synchrony,ZEISS Synchrony,Work & Go HD 1.50,,Occupational,1.50,Clear,Freeform,grind,,-10.00,+6.00,-6.00,10.00,sphere,0.75,3.50,Add 0.75 to 3.50,52.03,34.69,L25,HMC+,,synchrony book p9; Clear; book $55.50 L20
Synchrony,ZEISS Synchrony,Work & Go HD 1.50,,Occupational,1.50,Clear,Freeform,grind,,-10.00,+6.00,-6.00,10.00,sphere,0.75,3.50,Add 0.75 to 3.50,54.89,36.59,L25,HMC Blue,,synchrony book p9; Clear; book $58.55 L20
Synchrony,ZEISS Synchrony,Work & Go HD 1.50,,Occupational,1.50,Clear,Freeform,grind,,-10.00,+6.00,-6.00,10.00,sphere,0.75,3.50,Add 0.75 to 3.50,33.09,22.06,L25,HC hard coat,,synchrony book p9; Clear; book $35.30 L20
Synchrony,ZEISS Synchrony,Work & Go HD 1.50,,Occupational,1.50,Photochromic,Freeform,grind,,-10.00,+6.00,-6.00,10.00,sphere,0.75,3.50,Add 0.75 to 3.50,80.44,53.62,L25,HMC+,,synchrony book p9; Photo Grey/Brown/Pioneer/Extra Grey/Blue/Burgundy/Black; book $85.80 L20
Synchrony,ZEISS Synchrony,Work & Go HD 1.50,,Occupational,1.50,Photochromic,Freeform,grind,,-10.00,+6.00,-6.00,10.00,sphere,0.75,3.50,Add 0.75 to 3.50,83.30,55.53,L25,HMC Blue,,synchrony book p9; Photo Grey/Brown/Pioneer/Extra Grey/Blue/Burgundy/Black; book $88.85 L20
Synchrony,ZEISS Synchrony,Work & Go HD 1.50,,Occupational,1.50,Photochromic,Freeform,grind,,-10.00,+6.00,-6.00,10.00,sphere,0.75,3.50,Add 0.75 to 3.50,61.50,41.00,L25,HC hard coat,,synchrony book p9; Photo Grey/Brown/Pioneer/Extra Grey/Blue/Burgundy/Black; book $65.60 L20
Synchrony,ZEISS Synchrony,Work & Go HD 1.53,,Occupational,1.53,Clear,Freeform,grind,,-7.00,+5.00,-3.50,7.00,sphere,0.75,3.50,Add 0.75 to 3.50,70.97,47.31,L25,HMC+,,synchrony book p9; Clear; book $75.70 L20
Synchrony,ZEISS Synchrony,Work & Go HD 1.53,,Occupational,1.53,Clear,Freeform,grind,,-7.00,+5.00,-3.50,7.00,sphere,0.75,3.50,Add 0.75 to 3.50,73.83,49.22,L25,HMC Blue,,synchrony book p9; Clear; book $78.75 L20
Synchrony,ZEISS Synchrony,Work & Go HD 1.53,,Occupational,1.53,Clear,Freeform,grind,,-7.00,+5.00,-3.50,7.00,sphere,0.75,3.50,Add 0.75 to 3.50,52.03,34.69,L25,HC hard coat,,synchrony book p9; Clear; book $55.50 L20
Synchrony,ZEISS Synchrony,Work & Go HD 1.59,,Occupational,1.59,Clear,Freeform,grind,,-9.00,+6.00,-6.00,9.00,sphere,0.75,3.50,Add 0.75 to 3.50,70.97,47.31,L25,HMC+,,synchrony book p9; Clear; book $75.70 L20
Synchrony,ZEISS Synchrony,Work & Go HD 1.59,,Occupational,1.59,Clear,Freeform,grind,,-9.00,+6.00,-6.00,9.00,sphere,0.75,3.50,Add 0.75 to 3.50,73.83,49.22,L25,HMC Blue,,synchrony book p9; Clear; book $78.75 L20
Synchrony,ZEISS Synchrony,Work & Go HD 1.59,,Occupational,1.59,Clear,Freeform,grind,,-9.00,+6.00,-6.00,9.00,sphere,0.75,3.50,Add 0.75 to 3.50,52.03,34.69,L25,HC hard coat,,synchrony book p9; Clear; book $55.50 L20
Synchrony,ZEISS Synchrony,Work & Go HD 1.59,,Occupational,1.59,Photochromic,Freeform,grind,,-9.00,+6.00,-6.00,9.00,sphere,0.75,3.50,Add 0.75 to 3.50,99.28,66.19,L25,HMC+,,synchrony book p9; Photo Grey/Brown/Pioneer/Extra Grey/Blue/Burgundy/Black; book $105.90 L20
Synchrony,ZEISS Synchrony,Work & Go HD 1.59,,Occupational,1.59,Photochromic,Freeform,grind,,-9.00,+6.00,-6.00,9.00,sphere,0.75,3.50,Add 0.75 to 3.50,102.14,68.09,L25,HMC Blue,,synchrony book p9; Photo Grey/Brown/Pioneer/Extra Grey/Blue/Burgundy/Black; book $108.95 L20
Synchrony,ZEISS Synchrony,Work & Go HD 1.59,,Occupational,1.59,Photochromic,Freeform,grind,,-9.00,+6.00,-6.00,9.00,sphere,0.75,3.50,Add 0.75 to 3.50,80.34,53.56,L25,HC hard coat,,synchrony book p9; Photo Grey/Brown/Pioneer/Extra Grey/Blue/Burgundy/Black; book $85.70 L20
Synchrony,ZEISS Synchrony,Work & Go HD 1.60,,Occupational,1.60,Clear,Freeform,grind,,-12.00,+6.00,-6.00,12.00,sphere,0.75,3.50,Add 0.75 to 3.50,75.70,50.47,L25,HMC+,,synchrony book p9; Clear; book $80.75 L20
Synchrony,ZEISS Synchrony,Work & Go HD 1.60,,Occupational,1.60,Clear,Freeform,grind,,-12.00,+6.00,-6.00,12.00,sphere,0.75,3.50,Add 0.75 to 3.50,78.56,52.38,L25,HMC Blue,,synchrony book p9; Clear; book $83.80 L20
Synchrony,ZEISS Synchrony,Work & Go HD 1.60,,Occupational,1.60,Clear,Freeform,grind,,-12.00,+6.00,-6.00,12.00,sphere,0.75,3.50,Add 0.75 to 3.50,56.77,37.84,L25,HC hard coat,,synchrony book p9; Clear; book $60.55 L20
Synchrony,ZEISS Synchrony,Work & Go HD 1.60,,Occupational,1.60,Photochromic,Freeform,grind,,-12.00,+6.00,-6.00,12.00,sphere,0.75,3.50,Add 0.75 to 3.50,94.64,63.09,L25,HMC+,,synchrony book p9; Photo Grey/Brown/Pioneer/Extra Grey/Blue/Burgundy/Black; book $100.95 L20
Synchrony,ZEISS Synchrony,Work & Go HD 1.60,,Occupational,1.60,Photochromic,Freeform,grind,,-12.00,+6.00,-6.00,12.00,sphere,0.75,3.50,Add 0.75 to 3.50,97.50,65.00,L25,HMC Blue,,synchrony book p9; Photo Grey/Brown/Pioneer/Extra Grey/Blue/Burgundy/Black; book $104.00 L20
Synchrony,ZEISS Synchrony,Work & Go HD 1.60,,Occupational,1.60,Photochromic,Freeform,grind,,-12.00,+6.00,-6.00,12.00,sphere,0.75,3.50,Add 0.75 to 3.50,75.70,50.47,L25,HC hard coat,,synchrony book p9; Photo Grey/Brown/Pioneer/Extra Grey/Blue/Burgundy/Black; book $80.75 L20
Synchrony,ZEISS Synchrony,Work & Go HD 1.67,,Occupational,1.67,Clear,Freeform,grind,,-12.00,+8.00,-6.00,12.00,sphere,0.75,3.50,Add 0.75 to 3.50,99.28,66.19,L25,HMC+,,synchrony book p9; Clear; book $105.90 L20
Synchrony,ZEISS Synchrony,Work & Go HD 1.67,,Occupational,1.67,Clear,Freeform,grind,,-12.00,+8.00,-6.00,12.00,sphere,0.75,3.50,Add 0.75 to 3.50,102.14,68.09,L25,HMC Blue,,synchrony book p9; Clear; book $108.95 L20
Synchrony,ZEISS Synchrony,Work & Go HD 1.67,,Occupational,1.67,Photochromic,Freeform,grind,,-12.00,+8.00,-6.00,12.00,sphere,0.75,3.50,Add 0.75 to 3.50,127.78,85.19,L25,HMC+,,synchrony book p9; Photo Grey/Brown/Pioneer/Extra Grey/Blue/Burgundy/Black; book $136.30 L20
Synchrony,ZEISS Synchrony,Work & Go HD 1.67,,Occupational,1.67,Photochromic,Freeform,grind,,-12.00,+8.00,-6.00,12.00,sphere,0.75,3.50,Add 0.75 to 3.50,130.64,87.09,L25,HMC Blue,,synchrony book p9; Photo Grey/Brown/Pioneer/Extra Grey/Blue/Burgundy/Black; book $139.35 L20
Synchrony,ZEISS Synchrony,Work & Go HD 1.74,,Occupational,1.74,Clear,Freeform,grind,,-16.00,+10.00,-6.00,16.00,sphere,0.75,3.50,Add 0.75 to 3.50,113.53,75.69,L25,HMC+,,synchrony book p9; Clear; book $121.10 L20
Synchrony,ZEISS Synchrony,Work & Go HD 1.74,,Occupational,1.74,Clear,Freeform,grind,,-16.00,+10.00,-6.00,16.00,sphere,0.75,3.50,Add 0.75 to 3.50,116.39,77.59,L25,HMC Blue,,synchrony book p9; Clear; book $124.15 L20
Synchrony,ZEISS Synchrony,Work & Office HD 1.50,,Occupational,1.50,Clear,Freeform,grind,,-10.00,+6.00,-6.00,10.00,sphere,0.75,3.50,Add 0.75 to 3.50,52.03,34.69,L25,HMC+,,synchrony book p9; Clear; book $55.50 L20
Synchrony,ZEISS Synchrony,Work & Office HD 1.50,,Occupational,1.50,Clear,Freeform,grind,,-10.00,+6.00,-6.00,10.00,sphere,0.75,3.50,Add 0.75 to 3.50,54.89,36.59,L25,HMC Blue,,synchrony book p9; Clear; book $58.55 L20
Synchrony,ZEISS Synchrony,Work & Office HD 1.50,,Occupational,1.50,Clear,Freeform,grind,,-10.00,+6.00,-6.00,10.00,sphere,0.75,3.50,Add 0.75 to 3.50,33.09,22.06,L25,HC hard coat,,synchrony book p9; Clear; book $35.30 L20
Synchrony,ZEISS Synchrony,Work & Office HD Short 1.50,,Occupational,1.50,Clear,Freeform,grind,,-10.00,+6.00,-6.00,10.00,sphere,0.75,3.50,Add 0.75 to 3.50,52.03,34.69,L25,HMC+,,synchrony book p9; Clear; book $55.50 L20
Synchrony,ZEISS Synchrony,Work & Office HD Short 1.50,,Occupational,1.50,Clear,Freeform,grind,,-10.00,+6.00,-6.00,10.00,sphere,0.75,3.50,Add 0.75 to 3.50,54.89,36.59,L25,HMC Blue,,synchrony book p9; Clear; book $58.55 L20
Synchrony,ZEISS Synchrony,Work & Office HD Short 1.50,,Occupational,1.50,Clear,Freeform,grind,,-10.00,+6.00,-6.00,10.00,sphere,0.75,3.50,Add 0.75 to 3.50,33.09,22.06,L25,HC hard coat,,synchrony book p9; Clear; book $35.30 L20
Synchrony,ZEISS Synchrony,Work & Office HD 1.53,,Occupational,1.53,Clear,Freeform,grind,,-7.00,+5.00,-3.50,7.00,sphere,0.75,3.50,Add 0.75 to 3.50,70.97,47.31,L25,HMC+,,synchrony book p9; Clear; book $75.70 L20
Synchrony,ZEISS Synchrony,Work & Office HD 1.53,,Occupational,1.53,Clear,Freeform,grind,,-7.00,+5.00,-3.50,7.00,sphere,0.75,3.50,Add 0.75 to 3.50,73.83,49.22,L25,HMC Blue,,synchrony book p9; Clear; book $78.75 L20
Synchrony,ZEISS Synchrony,Work & Office HD 1.53,,Occupational,1.53,Clear,Freeform,grind,,-7.00,+5.00,-3.50,7.00,sphere,0.75,3.50,Add 0.75 to 3.50,52.03,34.69,L25,HC hard coat,,synchrony book p9; Clear; book $55.50 L20
Synchrony,ZEISS Synchrony,Work & Office HD Short 1.53,,Occupational,1.53,Clear,Freeform,grind,,-7.00,+5.00,-3.50,7.00,sphere,0.75,3.50,Add 0.75 to 3.50,70.97,47.31,L25,HMC+,,synchrony book p9; Clear; book $75.70 L20
Synchrony,ZEISS Synchrony,Work & Office HD Short 1.53,,Occupational,1.53,Clear,Freeform,grind,,-7.00,+5.00,-3.50,7.00,sphere,0.75,3.50,Add 0.75 to 3.50,73.83,49.22,L25,HMC Blue,,synchrony book p9; Clear; book $78.75 L20
Synchrony,ZEISS Synchrony,Work & Office HD Short 1.53,,Occupational,1.53,Clear,Freeform,grind,,-7.00,+5.00,-3.50,7.00,sphere,0.75,3.50,Add 0.75 to 3.50,52.03,34.69,L25,HC hard coat,,synchrony book p9; Clear; book $55.50 L20
Synchrony,ZEISS Synchrony,Work & Office HD 1.59,,Occupational,1.59,Clear,Freeform,grind,,-9.00,+6.00,-6.00,9.00,sphere,0.75,3.50,Add 0.75 to 3.50,70.97,47.31,L25,HMC+,,synchrony book p9; Clear; book $75.70 L20
Synchrony,ZEISS Synchrony,Work & Office HD 1.59,,Occupational,1.59,Clear,Freeform,grind,,-9.00,+6.00,-6.00,9.00,sphere,0.75,3.50,Add 0.75 to 3.50,73.83,49.22,L25,HMC Blue,,synchrony book p9; Clear; book $78.75 L20
Synchrony,ZEISS Synchrony,Work & Office HD 1.59,,Occupational,1.59,Clear,Freeform,grind,,-9.00,+6.00,-6.00,9.00,sphere,0.75,3.50,Add 0.75 to 3.50,52.03,34.69,L25,HC hard coat,,synchrony book p9; Clear; book $55.50 L20
Synchrony,ZEISS Synchrony,Work & Office HD Short 1.59,,Occupational,1.59,Clear,Freeform,grind,,-9.00,+6.00,-6.00,9.00,sphere,0.75,3.50,Add 0.75 to 3.50,70.97,47.31,L25,HMC+,,synchrony book p9; Clear; book $75.70 L20
Synchrony,ZEISS Synchrony,Work & Office HD Short 1.59,,Occupational,1.59,Clear,Freeform,grind,,-9.00,+6.00,-6.00,9.00,sphere,0.75,3.50,Add 0.75 to 3.50,73.83,49.22,L25,HMC Blue,,synchrony book p9; Clear; book $78.75 L20
Synchrony,ZEISS Synchrony,Work & Office HD Short 1.59,,Occupational,1.59,Clear,Freeform,grind,,-9.00,+6.00,-6.00,9.00,sphere,0.75,3.50,Add 0.75 to 3.50,52.03,34.69,L25,HC hard coat,,synchrony book p9; Clear; book $55.50 L20
Synchrony,ZEISS Synchrony,Work & Office HD 1.60,,Occupational,1.60,Clear,Freeform,grind,,-12.00,+6.00,-6.00,12.00,sphere,0.75,3.50,Add 0.75 to 3.50,75.70,50.47,L25,HMC+,,synchrony book p9; Clear; book $80.75 L20
Synchrony,ZEISS Synchrony,Work & Office HD 1.60,,Occupational,1.60,Clear,Freeform,grind,,-12.00,+6.00,-6.00,12.00,sphere,0.75,3.50,Add 0.75 to 3.50,78.56,52.38,L25,HMC Blue,,synchrony book p9; Clear; book $83.80 L20
Synchrony,ZEISS Synchrony,Work & Office HD 1.60,,Occupational,1.60,Clear,Freeform,grind,,-12.00,+6.00,-6.00,12.00,sphere,0.75,3.50,Add 0.75 to 3.50,56.77,37.84,L25,HC hard coat,,synchrony book p9; Clear; book $60.55 L20
Synchrony,ZEISS Synchrony,Work & Office HD Short 1.60,,Occupational,1.60,Clear,Freeform,grind,,-12.00,+6.00,-6.00,12.00,sphere,0.75,3.50,Add 0.75 to 3.50,75.70,50.47,L25,HMC+,,synchrony book p9; Clear; book $80.75 L20
Synchrony,ZEISS Synchrony,Work & Office HD Short 1.60,,Occupational,1.60,Clear,Freeform,grind,,-12.00,+6.00,-6.00,12.00,sphere,0.75,3.50,Add 0.75 to 3.50,78.56,52.38,L25,HMC Blue,,synchrony book p9; Clear; book $83.80 L20
Synchrony,ZEISS Synchrony,Work & Office HD Short 1.60,,Occupational,1.60,Clear,Freeform,grind,,-12.00,+6.00,-6.00,12.00,sphere,0.75,3.50,Add 0.75 to 3.50,56.77,37.84,L25,HC hard coat,,synchrony book p9; Clear; book $60.55 L20
Synchrony,ZEISS Synchrony,Work & Office HD 1.67,,Occupational,1.67,Clear,Freeform,grind,,-12.00,+8.00,-6.00,12.00,sphere,0.75,3.50,Add 0.75 to 3.50,99.28,66.19,L25,HMC+,,synchrony book p9; Clear; book $105.90 L20
Synchrony,ZEISS Synchrony,Work & Office HD 1.67,,Occupational,1.67,Clear,Freeform,grind,,-12.00,+8.00,-6.00,12.00,sphere,0.75,3.50,Add 0.75 to 3.50,102.14,68.09,L25,HMC Blue,,synchrony book p9; Clear; book $108.95 L20
Synchrony,ZEISS Synchrony,Work & Office HD Short 1.67,,Occupational,1.67,Clear,Freeform,grind,,-12.00,+8.00,-6.00,12.00,sphere,0.75,3.50,Add 0.75 to 3.50,99.28,66.19,L25,HMC+,,synchrony book p9; Clear; book $105.90 L20
Synchrony,ZEISS Synchrony,Work & Office HD Short 1.67,,Occupational,1.67,Clear,Freeform,grind,,-12.00,+8.00,-6.00,12.00,sphere,0.75,3.50,Add 0.75 to 3.50,102.14,68.09,L25,HMC Blue,,synchrony book p9; Clear; book $108.95 L20
Synchrony,ZEISS Synchrony,Work & Read HD 1.50,,Occupational,1.50,Clear,Freeform,grind,,-10.00,+6.00,-6.00,10.00,sphere,0.75,3.50,Add 0.75 to 3.50,52.03,34.69,L25,HMC+,,synchrony book p9; Clear; book $55.50 L20
Synchrony,ZEISS Synchrony,Work & Read HD 1.50,,Occupational,1.50,Clear,Freeform,grind,,-10.00,+6.00,-6.00,10.00,sphere,0.75,3.50,Add 0.75 to 3.50,54.89,36.59,L25,HMC Blue,,synchrony book p9; Clear; book $58.55 L20
Synchrony,ZEISS Synchrony,Work & Read HD 1.50,,Occupational,1.50,Clear,Freeform,grind,,-10.00,+6.00,-6.00,10.00,sphere,0.75,3.50,Add 0.75 to 3.50,33.09,22.06,L25,HC hard coat,,synchrony book p9; Clear; book $35.30 L20
Synchrony,ZEISS Synchrony,Work & Read HD 1.53,,Occupational,1.53,Clear,Freeform,grind,,-7.00,+5.00,-3.50,7.00,sphere,0.75,3.50,Add 0.75 to 3.50,70.97,47.31,L25,HMC+,,synchrony book p9; Clear; book $75.70 L20
Synchrony,ZEISS Synchrony,Work & Read HD 1.53,,Occupational,1.53,Clear,Freeform,grind,,-7.00,+5.00,-3.50,7.00,sphere,0.75,3.50,Add 0.75 to 3.50,73.83,49.22,L25,HMC Blue,,synchrony book p9; Clear; book $78.75 L20
Synchrony,ZEISS Synchrony,Work & Read HD 1.53,,Occupational,1.53,Clear,Freeform,grind,,-7.00,+5.00,-3.50,7.00,sphere,0.75,3.50,Add 0.75 to 3.50,52.03,34.69,L25,HC hard coat,,synchrony book p9; Clear; book $55.50 L20
Synchrony,ZEISS Synchrony,Work & Read HD 1.59,,Occupational,1.59,Clear,Freeform,grind,,-9.00,+6.00,-6.00,9.00,sphere,0.75,3.50,Add 0.75 to 3.50,70.97,47.31,L25,HMC+,,synchrony book p9; Clear; book $75.70 L20
Synchrony,ZEISS Synchrony,Work & Read HD 1.59,,Occupational,1.59,Clear,Freeform,grind,,-9.00,+6.00,-6.00,9.00,sphere,0.75,3.50,Add 0.75 to 3.50,73.83,49.22,L25,HMC Blue,,synchrony book p9; Clear; book $78.75 L20
Synchrony,ZEISS Synchrony,Work & Read HD 1.59,,Occupational,1.59,Clear,Freeform,grind,,-9.00,+6.00,-6.00,9.00,sphere,0.75,3.50,Add 0.75 to 3.50,52.03,34.69,L25,HC hard coat,,synchrony book p9; Clear; book $55.50 L20
Synchrony,ZEISS Synchrony,Work & Read HD 1.60,,Occupational,1.60,Clear,Freeform,grind,,-12.00,+6.00,-6.00,12.00,sphere,0.75,3.50,Add 0.75 to 3.50,75.70,50.47,L25,HMC+,,synchrony book p9; Clear; book $80.75 L20
Synchrony,ZEISS Synchrony,Work & Read HD 1.60,,Occupational,1.60,Clear,Freeform,grind,,-12.00,+6.00,-6.00,12.00,sphere,0.75,3.50,Add 0.75 to 3.50,78.56,52.38,L25,HMC Blue,,synchrony book p9; Clear; book $83.80 L20
Synchrony,ZEISS Synchrony,Work & Read HD 1.60,,Occupational,1.60,Clear,Freeform,grind,,-12.00,+6.00,-6.00,12.00,sphere,0.75,3.50,Add 0.75 to 3.50,56.77,37.84,L25,HC hard coat,,synchrony book p9; Clear; book $60.55 L20
Synchrony,ZEISS Synchrony,Work & Read HD 1.67,,Occupational,1.67,Clear,Freeform,grind,,-12.00,+8.00,-6.00,12.00,sphere,0.75,3.50,Add 0.75 to 3.50,99.28,66.19,L25,HMC+,,synchrony book p9; Clear; book $105.90 L20
Synchrony,ZEISS Synchrony,Work & Read HD 1.67,,Occupational,1.67,Clear,Freeform,grind,,-12.00,+8.00,-6.00,12.00,sphere,0.75,3.50,Add 0.75 to 3.50,102.14,68.09,L25,HMC Blue,,synchrony book p9; Clear; book $108.95 L20
